graph_id,graph_label,node_id,degree,pagerank,node_label
0,1,0,2,0.054253,0
0,1,1,2,0.054084,0
0,1,2,2,0.052339,0
0,1,3,3,0.072301,0
0,1,4,3,0.073684,0
0,1,5,2,0.052715,0
0,1,6,2,0.051531,0
0,1,7,2,0.051491,0
0,1,8,3,0.073083,0
0,1,9,3,0.072118,0
0,1,10,2,0.051782,0
0,1,11,2,0.053171,0
0,1,12,3,0.078558,0
0,1,13,2,0.051867,0
0,1,14,3,0.089028,1
0,1,15,1,0.033997,2
0,1,16,1,0.033997,2
1,-1,0,2,0.071393,0
1,-1,1,2,0.069834,0
1,-1,2,3,0.098904,0
1,-1,3,2,0.070029,0
1,-1,4,2,0.071846,0
1,-1,5,2,0.071718,0
1,-1,6,2,0.069907,1
1,-1,7,3,0.098192,0
1,-1,8,3,0.102444,0
1,-1,9,2,0.070833,0
1,-1,10,3,0.116006,1
1,-1,11,1,0.044447,2
1,-1,12,1,0.044447,2
2,-1,0,2,0.071393,0
2,-1,1,2,0.069834,0
2,-1,2,3,0.098904,0
2,-1,3,3,0.098192,0
2,-1,4,2,0.069907,0
2,-1,5,2,0.071718,0
2,-1,6,2,0.071846,0
2,-1,7,2,0.070029,1
2,-1,8,3,0.102444,0
2,-1,9,2,0.070833,0
2,-1,10,3,0.116006,1
2,-1,11,1,0.044447,2
2,-1,12,1,0.044447,2
3,1,0,2,0.047762,0
3,1,1,2,0.047735,0
3,1,2,2,0.046035,0
3,1,3,3,0.062905,0
3,1,4,3,0.062998,0
3,1,5,2,0.046034,0
3,1,6,3,0.062523,0
3,1,7,2,0.045451,0
3,1,8,2,0.046816,0
3,1,9,2,0.045973,0
3,1,10,3,0.064437,0
3,1,11,3,0.061416,0
3,1,12,3,0.062291,0
3,1,13,3,0.067284,0
3,1,14,2,0.046545,0
3,1,15,2,0.045838,0
3,1,16,3,0.078067,1
3,1,17,1,0.029945,2
3,1,18,1,0.029945,2
4,-1,0,2,0.088141,0
4,-1,1,2,0.087965,0
4,-1,2,3,0.129855,0
4,-1,3,3,0.127243,0
4,-1,4,2,0.086807,0
4,-1,5,3,0.131278,0
4,-1,6,1,0.050794,3
4,-1,7,3,0.140487,1
4,-1,8,1,0.053481,2
4,-1,9,1,0.053481,2
4,-1,10,1,0.050467,3
5,1,0,2,0.030579,0
5,1,1,2,0.030579,0
5,1,2,3,0.043196,0
5,1,3,3,0.045893,0
5,1,4,2,0.031443,0
5,1,5,3,0.045893,0
5,1,6,3,0.043196,0
5,1,7,3,0.041589,0
5,1,8,3,0.041589,0
5,1,9,3,0.043196,0
5,1,10,3,0.045893,0
5,1,11,2,0.031443,0
5,1,12,3,0.045893,0
5,1,13,3,0.043196,0
5,1,14,2,0.030579,0
5,1,15,2,0.030579,0
5,1,16,3,0.05311,1
5,1,17,1,0.020353,2
5,1,18,1,0.020353,2
5,1,19,3,0.05311,1
5,1,20,1,0.020353,2
5,1,21,1,0.020353,2
5,1,22,3,0.05311,1
5,1,23,1,0.020353,2
5,1,24,1,0.020353,2
5,1,25,3,0.05311,1
5,1,26,1,0.020353,2
5,1,27,1,0.020353,2
6,-1,0,1,0.033903,0
6,-1,1,3,0.086425,0
6,-1,2,2,0.056743,0
6,-1,3,3,0.08049,0
6,-1,4,2,0.056759,0
6,-1,5,2,0.057656,0
6,-1,6,3,0.085548,0
6,-1,7,3,0.095485,1
6,-1,8,1,0.036475,2
6,-1,9,1,0.036475,2
6,-1,10,3,0.081104,0
6,-1,11,2,0.05746,0
6,-1,12,2,0.059188,0
6,-1,13,2,0.05964,0
6,-1,14,2,0.059188,0
6,-1,15,2,0.05746,0
7,1,0,1,0.029754,0
7,1,1,3,0.07878,0
7,1,2,1,0.029754,2
7,1,3,2,0.048237,2
7,1,4,3,0.065397,0
7,1,5,2,0.044461,0
7,1,6,2,0.043559,0
7,1,7,3,0.060337,0
7,1,8,3,0.060894,0
7,1,9,2,0.043213,0
7,1,10,2,0.042036,0
7,1,11,3,0.061041,0
7,1,12,3,0.060528,0
7,1,13,2,0.043714,0
7,1,14,2,0.044961,0
7,1,15,3,0.066481,0
7,1,16,2,0.043665,0
7,1,17,3,0.075473,1
7,1,18,1,0.028857,2
7,1,19,1,0.028857,2
8,-1,0,2,0.076177,0
8,-1,1,2,0.075065,0
8,-1,2,3,0.106301,0
8,-1,3,2,0.075053,1
8,-1,4,2,0.076256,0
8,-1,5,2,0.074959,1
8,-1,6,3,0.106161,0
8,-1,7,2,0.074362,0
8,-1,8,3,0.112449,0
8,-1,9,3,0.126446,1
8,-1,10,1,0.048386,2
8,-1,11,1,0.048386,2
9,1,0,1,0.031742,0
9,1,1,3,0.081022,0
9,1,2,2,0.05385,0
9,1,3,2,0.052101,0
9,1,4,3,0.071733,0
9,1,5,3,0.072609,0
9,1,6,2,0.052293,0
9,1,7,2,0.049825,0
9,1,8,3,0.072106,0
9,1,9,3,0.071575,0
9,1,10,2,0.051559,0
9,1,11,2,0.052996,0
9,1,12,3,0.078298,0
9,1,13,2,0.051499,0
9,1,14,3,0.088876,1
9,1,15,1,0.033958,2
9,1,16,1,0.033958,2
10,1,0,2,0.054173,0
10,1,1,2,0.054121,0
10,1,2,2,0.052286,0
10,1,3,3,0.072408,0
10,1,4,3,0.073436,0
10,1,5,2,0.05271,0
10,1,6,2,0.051261,0
10,1,7,3,0.076102,0
10,1,8,3,0.073291,0
10,1,9,3,0.072244,0
10,1,10,2,0.052313,0
10,1,11,2,0.05402,0
10,1,12,2,0.05418,0
10,1,13,2,0.052549,0
10,1,14,3,0.087668,1
10,1,15,1,0.033619,2
10,1,16,1,0.033619,2
11,1,0,2,0.043201,0
11,1,1,2,0.043093,0
11,1,2,3,0.061048,0
11,1,3,2,0.043597,0
11,1,4,2,0.0444,0
11,1,5,3,0.064581,0
11,1,6,3,0.06079,0
11,1,7,3,0.058604,0
11,1,8,3,0.058879,0
11,1,9,3,0.061145,0
11,1,10,2,0.043984,0
11,1,11,2,0.044944,0
11,1,12,3,0.066383,0
11,1,13,3,0.061261,0
11,1,14,2,0.043204,0
11,1,15,2,0.043019,0
11,1,16,1,0.02628,1
11,1,17,3,0.07447,1
11,1,18,1,0.028559,2
11,1,19,1,0.028559,2
12,1,0,2,0.041231,0
12,1,1,2,0.041193,0
12,1,2,2,0.039728,0
12,1,3,3,0.054268,0
12,1,4,3,0.054352,0
12,1,5,2,0.039702,0
12,1,6,3,0.053736,0
12,1,7,2,0.039107,0
12,1,8,2,0.039948,0
12,1,9,3,0.058647,0
12,1,10,3,0.054991,0
12,1,11,3,0.052883,0
12,1,12,3,0.053668,0
12,1,13,2,0.038778,0
12,1,14,3,0.05923,0
12,1,15,2,0.039185,0
12,1,16,3,0.067803,1
12,1,17,1,0.02608,2
12,1,18,1,0.02608,2
12,1,19,3,0.067383,1
12,1,20,1,0.026003,2
12,1,21,1,0.026003,2
13,-1,0,1,0.041084,0
13,-1,1,3,0.104212,1
13,-1,2,3,0.09819,0
13,-1,3,2,0.068699,0
13,-1,4,3,0.103867,0
13,-1,5,2,0.070342,0
13,-1,6,2,0.069347,0
13,-1,7,3,0.098231,0
13,-1,8,2,0.069385,0
13,-1,9,2,0.070559,1
13,-1,10,3,0.116727,1
13,-1,11,1,0.044678,2
13,-1,12,1,0.044678,2
14,1,0,2,0.047087,0
14,1,1,2,0.046153,0
14,1,2,3,0.064272,0
14,1,3,2,0.045422,0
14,1,4,2,0.045338,0
14,1,5,3,0.064226,0
14,1,6,2,0.045872,0
14,1,7,2,0.046737,0
14,1,8,3,0.067941,0
14,1,9,3,0.063953,0
14,1,10,3,0.061635,0
14,1,11,3,0.061846,0
14,1,12,3,0.064245,0
14,1,13,2,0.046147,0
14,1,14,2,0.045377,0
14,1,15,2,0.045232,0
14,1,16,3,0.078421,1
14,1,17,1,0.030048,2
14,1,18,1,0.030048,2
15,1,0,2,0.041227,0
15,1,1,2,0.041227,0
15,1,2,2,0.039744,0
15,1,3,3,0.054335,0
15,1,4,3,0.054335,0
15,1,5,2,0.039744,0
15,1,6,3,0.053841,0
15,1,7,2,0.039022,0
15,1,8,2,0.040046,0
15,1,9,3,0.058435,0
15,1,10,3,0.055032,0
15,1,11,3,0.052822,0
15,1,12,3,0.053841,0
15,1,13,2,0.039022,0
15,1,14,2,0.040046,0
15,1,15,3,0.058435,0
15,1,16,3,0.067596,1
15,1,17,1,0.025913,2
15,1,18,1,0.025913,2
15,1,19,3,0.067596,1
15,1,20,1,0.025913,2
15,1,21,1,0.025913,2
16,-1,0,2,0.088539,0
16,-1,1,2,0.088033,0
16,-1,2,3,0.13003,0
16,-1,3,3,0.127035,0
16,-1,4,3,0.13003,0
16,-1,5,2,0.088033,0
16,-1,6,1,0.050441,1
16,-1,7,3,0.140566,1
16,-1,8,1,0.053426,2
16,-1,9,1,0.053426,2
16,-1,10,1,0.050441,1
17,1,0,2,0.053943,0
17,1,1,2,0.05409,0
17,1,2,2,0.052478,0
17,1,3,3,0.07305,0
17,1,4,3,0.07194,0
17,1,5,2,0.052178,0
17,1,6,3,0.071702,0
17,1,7,2,0.051279,0
17,1,8,3,0.078498,0
17,1,9,2,0.053083,0
17,1,10,2,0.052066,0
17,1,11,3,0.072687,0
17,1,12,3,0.075919,0
17,1,13,1,0.030324,2
17,1,14,3,0.088693,1
17,1,15,1,0.034035,2
17,1,16,1,0.034035,2
18,-1,0,2,0.071837,0
18,-1,1,2,0.06994,0
18,-1,2,3,0.098598,0
18,-1,3,2,0.068862,0
18,-1,4,3,0.103976,0
18,-1,5,2,0.070473,0
18,-1,6,2,0.069527,0
18,-1,7,3,0.098707,0
18,-1,8,2,0.07008,1
18,-1,9,2,0.07179,0
18,-1,10,3,0.116839,1
18,-1,11,1,0.044685,2
18,-1,12,1,0.044685,2
19,1,0,2,0.050275,0
19,1,1,2,0.048843,0
19,1,2,3,0.067464,0
19,1,3,3,0.068151,0
19,1,4,2,0.048841,0
19,1,5,3,0.074839,0
19,1,6,2,0.057322,0
19,1,7,1,0.032702,1
19,1,8,2,0.046934,0
19,1,9,3,0.067941,0
19,1,10,3,0.067473,0
19,1,11,2,0.048615,0
19,1,12,2,0.05005,0
19,1,13,3,0.073847,0
19,1,14,2,0.048625,0
19,1,15,3,0.084,1
19,1,16,1,0.032039,2
19,1,17,1,0.032039,2
20,1,0,2,0.051838,0
20,1,1,2,0.050485,0
20,1,2,3,0.071266,0
20,1,3,2,0.049872,0
20,1,4,3,0.075595,0
20,1,5,2,0.051712,0
20,1,6,3,0.084642,1
20,1,7,1,0.032351,2
20,1,8,1,0.032351,2
20,1,9,3,0.071194,0
20,1,10,2,0.050333,0
20,1,11,2,0.051177,0
20,1,12,3,0.075996,0
20,1,13,2,0.051177,0
20,1,14,2,0.050333,0
20,1,15,3,0.084846,1
20,1,16,1,0.032415,2
20,1,17,1,0.032415,2
21,1,0,2,0.052996,0
21,1,1,2,0.051559,0
21,1,2,3,0.071575,0
21,1,3,3,0.072106,0
21,1,4,2,0.051499,0
21,1,5,3,0.078298,0
21,1,6,3,0.088876,1
21,1,7,1,0.033958,2
21,1,8,1,0.033958,2
21,1,9,2,0.049825,0
21,1,10,3,0.072609,0
21,1,11,3,0.071733,0
21,1,12,2,0.052101,0
21,1,13,2,0.05385,0
21,1,14,3,0.081022,0
21,1,15,2,0.052293,0
21,1,16,1,0.031742,4
22,1,0,2,0.039817,0
22,1,1,2,0.039742,0
22,1,2,2,0.038245,0
22,1,3,3,0.052508,0
22,1,4,3,0.0537,0
22,1,5,2,0.038701,0
22,1,6,2,0.037448,0
22,1,7,2,0.036879,0
22,1,8,3,0.051095,0
22,1,9,3,0.051005,0
22,1,10,2,0.035759,0
22,1,11,3,0.051978,0
22,1,12,2,0.037718,0
22,1,13,2,0.038545,0
22,1,14,2,0.037863,0
22,1,15,3,0.052444,0
22,1,16,3,0.050603,0
22,1,17,3,0.050833,0
22,1,18,2,0.036509,0
22,1,19,3,0.055184,0
22,1,20,3,0.063963,1
22,1,21,1,0.024731,2
22,1,22,1,0.024731,2
23,1,0,2,0.031321,0
23,1,1,2,0.031301,0
23,1,2,3,0.043959,0
23,1,3,2,0.031294,0
23,1,4,2,0.031328,0
23,1,5,3,0.043887,0
23,1,6,2,0.031329,0
23,1,7,2,0.031231,0
23,1,8,3,0.043911,0
23,1,9,3,0.046571,0
23,1,10,2,0.031275,0
23,1,11,3,0.043821,0
23,1,12,2,0.031329,0
23,1,13,2,0.031275,0
23,1,14,3,0.043966,0
23,1,15,2,0.031294,0
23,1,16,2,0.031323,0
23,1,17,3,0.043922,0
23,1,18,3,0.041568,0
23,1,19,3,0.041514,0
23,1,20,3,0.041571,0
23,1,21,3,0.041449,0
23,1,22,3,0.04157,0
23,1,23,3,0.041501,0
23,1,24,3,0.054609,1
23,1,25,1,0.02094,2
23,1,26,1,0.02094,2
24,1,0,2,0.052996,0
24,1,1,2,0.051559,0
24,1,2,3,0.071575,0
24,1,3,3,0.072106,0
24,1,4,2,0.051499,0
24,1,5,3,0.078298,0
24,1,6,3,0.088876,1
24,1,7,1,0.033958,2
24,1,8,1,0.033958,2
24,1,9,2,0.049825,0
24,1,10,3,0.072609,0
24,1,11,3,0.071733,0
24,1,12,2,0.052101,0
24,1,13,2,0.05385,0
24,1,14,3,0.081022,0
24,1,15,2,0.052293,0
24,1,16,1,0.031742,2
25,1,0,2,0.073012,0
25,1,1,2,0.073389,0
25,1,2,3,0.10904,0
25,1,3,3,0.10646,0
25,1,4,2,0.071985,0
25,1,5,3,0.10662,0
25,1,6,3,0.118477,1
25,1,7,1,0.04507,2
25,1,8,1,0.04507,2
25,1,9,3,0.11839,1
25,1,10,1,0.045045,2
25,1,11,1,0.045045,2
25,1,12,1,0.042396,5
26,1,0,2,0.03968,0
26,1,1,2,0.039594,0
26,1,2,2,0.03815,0
26,1,3,3,0.052246,0
26,1,4,3,0.053034,0
26,1,5,2,0.038411,0
26,1,6,2,0.036236,0
26,1,7,3,0.051759,0
26,1,8,2,0.037019,0
26,1,9,2,0.037128,0
26,1,10,3,0.052737,0
26,1,11,2,0.03773,0
26,1,12,2,0.038519,0
26,1,13,3,0.055905,0
26,1,14,3,0.052477,0
26,1,15,3,0.050381,0
26,1,16,3,0.050002,0
26,1,17,3,0.051042,0
26,1,18,2,0.036736,0
26,1,19,2,0.036923,0
26,1,20,3,0.064735,1
26,1,21,1,0.024778,2
26,1,22,1,0.024778,2
27,1,0,2,0.052996,0
27,1,1,2,0.051559,0
27,1,2,3,0.071575,0
27,1,3,3,0.072106,0
27,1,4,2,0.051499,0
27,1,5,3,0.078298,0
27,1,6,3,0.088876,1
27,1,7,1,0.033958,2
27,1,8,1,0.033958,2
27,1,9,2,0.049825,0
27,1,10,3,0.072609,0
27,1,11,3,0.071733,0
27,1,12,2,0.052101,0
27,1,13,2,0.05385,0
27,1,14,3,0.081022,0
27,1,15,2,0.052293,0
27,1,16,1,0.031742,3
28,1,0,2,0.039145,0
28,1,1,2,0.038072,0
28,1,2,3,0.052728,0
28,1,3,3,0.053403,0
28,1,4,2,0.038101,0
28,1,5,3,0.057879,0
28,1,6,3,0.065696,1
28,1,7,1,0.025098,2
28,1,8,1,0.025098,2
28,1,9,3,0.055783,0
28,1,10,1,0.0223,2
28,1,11,3,0.053285,0
28,1,12,3,0.052539,0
28,1,13,3,0.05616,0
28,1,14,2,0.038857,0
28,1,15,3,0.057648,0
28,1,16,2,0.038034,0
28,1,17,3,0.06562,1
28,1,18,1,0.025057,2
28,1,19,1,0.025057,2
28,1,20,3,0.064782,1
28,1,21,1,0.024829,2
28,1,22,1,0.024829,2
29,1,0,2,0.039878,0
29,1,1,2,0.039913,0
29,1,2,2,0.038597,0
29,1,3,3,0.053479,0
29,1,4,2,0.036086,0
29,1,5,3,0.051029,0
29,1,6,3,0.051116,0
29,1,7,2,0.037397,0
29,1,8,2,0.03839,0
29,1,9,2,0.037794,0
29,1,10,3,0.052468,0
29,1,11,3,0.0506,0
29,1,12,3,0.051704,0
29,1,13,2,0.035807,0
29,1,14,3,0.051582,0
29,1,15,2,0.036329,0
29,1,16,3,0.053486,0
29,1,17,2,0.038663,0
29,1,18,2,0.036797,0
29,1,19,3,0.055329,0
29,1,20,3,0.064054,1
29,1,21,1,0.024751,2
29,1,22,1,0.024751,2
30,1,0,2,0.041198,0
30,1,1,2,0.041213,0
30,1,2,2,0.039679,0
30,1,3,3,0.054283,0
30,1,4,3,0.054328,0
30,1,5,2,0.039726,0
30,1,6,3,0.053836,0
30,1,7,2,0.039242,0
30,1,8,2,0.04029,0
30,1,9,2,0.039657,0
30,1,10,3,0.055291,0
30,1,11,3,0.052972,0
30,1,12,3,0.053486,0
30,1,13,3,0.057839,0
30,1,14,3,0.059079,0
30,1,15,2,0.039247,0
30,1,16,3,0.067751,1
30,1,17,1,0.026079,2
30,1,18,1,0.026079,2
30,1,19,3,0.066915,1
30,1,20,1,0.025905,2
30,1,21,1,0.025905,2
31,1,0,2,0.03739,0
31,1,1,2,0.038017,0
31,1,2,3,0.056133,0
31,1,3,3,0.055706,0
31,1,4,2,0.037017,0
31,1,5,3,0.052734,0
31,1,6,3,0.052757,0
31,1,7,2,0.037341,0
31,1,8,2,0.038223,0
31,1,9,3,0.05644,0
31,1,10,2,0.037918,0
31,1,11,3,0.054921,0
31,1,12,3,0.06272,1
31,1,13,1,0.023962,2
31,1,14,1,0.023962,2
31,1,15,3,0.063567,1
31,1,16,1,0.024196,2
31,1,17,1,0.024196,2
31,1,18,3,0.063041,1
31,1,19,1,0.024098,2
31,1,20,1,0.024098,2
31,1,21,3,0.063232,1
31,1,22,1,0.024165,2
31,1,23,1,0.024165,2
32,1,0,2,0.038308,0
32,1,1,2,0.037642,0
32,1,2,3,0.052318,0
32,1,3,3,0.052695,0
32,1,4,2,0.037237,0
32,1,5,3,0.055844,0
32,1,6,2,0.040323,1
32,1,7,3,0.063766,0
32,1,8,1,0.024527,2
32,1,9,4,0.08976,0
32,1,10,1,0.025672,3
32,1,11,1,0.025672,3
32,1,12,1,0.025672,3
32,1,13,2,0.036451,0
32,1,14,3,0.053049,0
32,1,15,3,0.052492,0
32,1,16,2,0.038023,0
32,1,17,2,0.039021,0
32,1,18,3,0.057872,0
32,1,19,2,0.037895,0
32,1,20,3,0.065513,1
32,1,21,1,0.025125,2
32,1,22,1,0.025125,2
33,-1,0,2,0.07179,0
33,-1,1,2,0.071837,0
33,-1,2,2,0.06994,0
33,-1,3,3,0.098598,0
33,-1,4,2,0.068862,0
33,-1,5,3,0.103976,0
33,-1,6,2,0.070473,0
33,-1,7,2,0.069527,0
33,-1,8,3,0.098707,0
33,-1,9,2,0.07008,0
33,-1,10,3,0.116839,1
33,-1,11,1,0.044685,2
33,-1,12,1,0.044685,2
34,1,0,2,0.05385,0
34,1,1,2,0.052101,0
34,1,2,3,0.071733,0
34,1,3,3,0.072609,0
34,1,4,2,0.052293,0
34,1,5,3,0.081022,0
34,1,6,1,0.031742,1
34,1,7,2,0.049825,0
34,1,8,3,0.072106,0
34,1,9,3,0.071575,0
34,1,10,2,0.051559,0
34,1,11,2,0.052996,0
34,1,12,3,0.078298,0
34,1,13,2,0.051499,0
34,1,14,3,0.088876,1
34,1,15,1,0.033958,2
34,1,16,1,0.033958,2
35,-1,0,1,0.038534,0
35,-1,1,3,0.098323,0
35,-1,2,2,0.064501,0
35,-1,3,3,0.091777,0
35,-1,4,2,0.065008,0
35,-1,5,2,0.066735,0
35,-1,6,2,0.066639,0
35,-1,7,2,0.065019,0
35,-1,8,3,0.091452,0
35,-1,9,2,0.064028,0
35,-1,10,3,0.096446,0
35,-1,11,3,0.108632,1
35,-1,12,1,0.041452,2
35,-1,13,1,0.041452,2
36,1,0,2,0.056622,0
36,1,1,2,0.05625,0
36,1,2,2,0.054943,0
36,1,3,3,0.078416,0
36,1,4,2,0.054943,0
36,1,5,2,0.05625,0
36,1,6,2,0.053886,0
36,1,7,2,0.05367,0
36,1,8,3,0.077684,0
36,1,9,2,0.054008,0
36,1,10,2,0.054788,0
36,1,11,3,0.080779,0
36,1,12,2,0.054788,0
36,1,13,2,0.054008,0
36,1,14,3,0.090298,1
36,1,15,1,0.034334,2
36,1,16,1,0.034334,2
37,-1,0,2,0.063626,0
37,-1,1,2,0.063127,0
37,-1,2,2,0.0613,0
37,-1,3,3,0.086512,0
37,-1,4,2,0.0613,0
37,-1,5,2,0.063127,0
37,-1,6,3,0.085875,0
37,-1,7,2,0.060559,0
37,-1,8,2,0.061509,0
37,-1,9,3,0.091301,0
37,-1,10,2,0.061509,0
37,-1,11,2,0.060559,0
37,-1,12,3,0.101855,1
37,-1,13,1,0.03892,2
37,-1,14,1,0.03892,2
38,-1,0,1,0.039405,0
38,-1,1,2,0.069102,2
38,-1,2,3,0.090639,0
38,-1,3,2,0.059753,0
38,-1,4,3,0.085215,0
38,-1,5,2,0.060482,0
38,-1,6,2,0.062132,0
38,-1,7,2,0.062025,0
38,-1,8,2,0.06044,1
38,-1,9,3,0.084739,0
38,-1,10,3,0.088298,0
38,-1,11,2,0.060622,0
38,-1,12,3,0.10025,1
38,-1,13,1,0.038449,2
38,-1,14,1,0.038449,2
39,-1,0,2,0.071846,0
39,-1,1,2,0.071718,0
39,-1,2,2,0.069907,0
39,-1,3,3,0.098192,0
39,-1,4,3,0.098904,0
39,-1,5,2,0.070029,0
39,-1,6,2,0.069834,0
39,-1,7,2,0.071393,0
39,-1,8,2,0.070833,0
39,-1,9,3,0.102444,0
39,-1,10,3,0.116006,1
39,-1,11,1,0.044447,2
39,-1,12,1,0.044447,2
40,1,0,2,0.052996,0
40,1,1,2,0.051559,0
40,1,2,3,0.071575,0
40,1,3,3,0.072106,0
40,1,4,2,0.051499,0
40,1,5,3,0.078298,0
40,1,6,3,0.088876,1
40,1,7,1,0.033958,2
40,1,8,1,0.033958,2
40,1,9,2,0.049825,0
40,1,10,3,0.072609,0
40,1,11,3,0.071733,0
40,1,12,2,0.052101,0
40,1,13,2,0.05385,0
40,1,14,3,0.081022,0
40,1,15,2,0.052293,0
40,1,16,1,0.031742,6
41,-1,0,1,0.041476,0
41,-1,1,3,0.105683,1
41,-1,2,2,0.069253,0
41,-1,3,3,0.097932,0
41,-1,4,2,0.068737,0
41,-1,5,3,0.103649,0
41,-1,6,2,0.070421,0
41,-1,7,2,0.06922,0
41,-1,8,3,0.098238,0
41,-1,9,2,0.069279,1
41,-1,10,3,0.116915,1
41,-1,11,1,0.044599,2
41,-1,12,1,0.044599,2
42,1,0,2,0.04776,0
42,1,1,2,0.047728,0
42,1,2,2,0.046031,0
42,1,3,3,0.0629,0
42,1,4,3,0.062992,0
42,1,5,2,0.046021,0
42,1,6,3,0.062464,0
42,1,7,2,0.045438,0
42,1,8,2,0.046748,0
42,1,9,2,0.04591,0
42,1,10,3,0.064211,0
42,1,11,3,0.061365,0
42,1,12,3,0.062286,0
42,1,13,2,0.04493,0
42,1,14,3,0.068749,0
42,1,15,2,0.045474,0
42,1,16,3,0.078529,1
42,1,17,1,0.030231,2
42,1,18,1,0.030231,2
43,1,0,2,0.054253,0
43,1,1,2,0.054084,0
43,1,2,2,0.052339,0
43,1,3,3,0.072301,0
43,1,4,3,0.073684,0
43,1,5,2,0.052715,0
43,1,6,2,0.051531,0
43,1,7,2,0.051491,0
43,1,8,3,0.073083,0
43,1,9,3,0.072118,0
43,1,10,2,0.051782,0
43,1,11,2,0.053171,0
43,1,12,3,0.078558,0
43,1,13,2,0.051867,0
43,1,14,3,0.089028,1
43,1,15,1,0.033997,2
43,1,16,1,0.033997,2
44,1,0,2,0.078863,0
44,1,1,2,0.078863,0
44,1,2,3,0.115992,0
44,1,3,2,0.078863,0
44,1,4,2,0.078863,0
44,1,5,3,0.115992,0
44,1,6,3,0.128405,1
44,1,7,1,0.048939,2
44,1,8,1,0.048939,2
44,1,9,3,0.128405,1
44,1,10,1,0.048939,2
44,1,11,1,0.048939,2
45,1,0,2,0.037128,0
45,1,1,2,0.037019,0
45,1,2,3,0.051759,0
45,1,3,2,0.036236,0
45,1,4,3,0.053034,0
45,1,5,3,0.052246,0
45,1,6,3,0.051042,0
45,1,7,3,0.050002,0
45,1,8,3,0.050381,0
45,1,9,3,0.052737,0
45,1,10,2,0.03773,0
45,1,11,2,0.038519,0
45,1,12,3,0.055905,0
45,1,13,3,0.052477,0
45,1,14,2,0.036923,0
45,1,15,2,0.036736,0
45,1,16,3,0.064735,1
45,1,17,1,0.024778,2
45,1,18,1,0.024778,2
45,1,19,2,0.03815,0
45,1,20,2,0.039594,0
45,1,21,2,0.03968,0
45,1,22,2,0.038411,0
46,1,0,2,0.039274,0
46,1,1,3,0.059609,0
46,1,2,2,0.039274,0
46,1,3,3,0.055208,0
46,1,4,3,0.053123,0
46,1,5,3,0.055208,0
46,1,6,2,0.039037,0
46,1,7,2,0.039037,0
46,1,8,3,0.055208,0
46,1,9,3,0.053123,0
46,1,10,3,0.055208,0
46,1,11,2,0.039274,0
46,1,12,3,0.059609,0
46,1,13,2,0.039274,0
46,1,14,3,0.067939,1
46,1,15,1,0.026146,2
46,1,16,1,0.026146,2
46,1,17,2,0.039037,0
46,1,18,2,0.039037,0
46,1,19,3,0.067939,1
46,1,20,1,0.026146,2
46,1,21,1,0.026146,2
47,1,0,2,0.054302,0
47,1,1,2,0.054262,0
47,1,2,2,0.052699,0
47,1,3,3,0.073322,0
47,1,4,2,0.050284,0
47,1,5,3,0.072811,0
47,1,6,2,0.051804,0
47,1,7,3,0.078601,0
47,1,8,2,0.053327,0
47,1,9,2,0.052114,0
47,1,10,3,0.073066,0
47,1,11,2,0.05027,0
47,1,12,3,0.073412,0
47,1,13,2,0.052662,0
47,1,14,3,0.089056,1
47,1,15,1,0.034003,2
47,1,16,1,0.034003,2
48,1,0,2,0.04529,0
48,1,1,2,0.044241,0
48,1,2,3,0.06198,0
48,1,3,3,0.061734,0
48,1,4,2,0.043978,0
48,1,5,3,0.066769,0
48,1,6,3,0.075657,1
48,1,7,1,0.028899,2
48,1,8,1,0.028899,2
48,1,9,2,0.04255,1
48,1,10,3,0.061734,0
48,1,11,2,0.043978,0
48,1,12,3,0.066769,0
48,1,13,2,0.04529,0
48,1,14,2,0.044241,0
48,1,15,3,0.06198,0
48,1,16,2,0.042555,1
48,1,17,3,0.075657,1
48,1,18,1,0.028899,2
48,1,19,1,0.028899,2
49,1,0,2,0.057752,0
49,1,1,2,0.056372,0
49,1,2,3,0.079285,0
49,1,3,3,0.079285,0
49,1,4,2,0.056372,0
49,1,5,2,0.057752,0
49,1,6,2,0.057375,0
49,1,7,3,0.082971,0
49,1,8,3,0.094071,1
49,1,9,1,0.036087,2
49,1,10,1,0.036087,2
49,1,11,3,0.082971,0
49,1,12,2,0.057375,0
49,1,13,3,0.094071,1
49,1,14,1,0.036087,2
49,1,15,1,0.036087,2
50,1,0,2,0.032894,0
50,1,1,2,0.032878,0
50,1,2,3,0.046225,0
50,1,3,3,0.049494,0
50,1,4,2,0.033725,0
50,1,5,2,0.032999,0
50,1,6,3,0.045286,0
50,1,7,3,0.044285,0
50,1,8,3,0.044295,0
50,1,9,3,0.046427,0
50,1,10,2,0.03334,0
50,1,11,2,0.033781,0
50,1,12,3,0.049156,0
50,1,13,3,0.045162,0
50,1,14,3,0.045856,0
50,1,15,3,0.045861,0
50,1,16,2,0.033574,0
50,1,17,2,0.034837,0
50,1,18,2,0.03485,0
50,1,19,2,0.03355,0
50,1,20,3,0.05676,1
50,1,21,1,0.021931,2
50,1,22,1,0.021931,2
50,1,23,3,0.056937,1
50,1,24,1,0.021984,2
50,1,25,1,0.021984,2
51,1,0,2,0.034057,0
51,1,1,2,0.033396,0
51,1,2,3,0.046561,0
51,1,3,2,0.032886,0
51,1,4,2,0.032892,0
51,1,5,3,0.046174,0
51,1,6,3,0.049379,0
51,1,7,2,0.033555,0
51,1,8,3,0.049013,0
51,1,9,3,0.045096,0
51,1,10,3,0.044277,0
51,1,11,3,0.044306,0
51,1,12,3,0.045435,0
51,1,13,2,0.033079,0
51,1,14,3,0.045857,0
51,1,15,3,0.045868,0
51,1,16,2,0.03354,0
51,1,17,2,0.034864,0
51,1,18,2,0.034831,0
51,1,19,2,0.033602,0
51,1,20,3,0.056724,1
51,1,21,1,0.021893,2
51,1,22,1,0.021893,2
51,1,23,3,0.056919,1
51,1,24,1,0.021951,2
51,1,25,1,0.021951,2
52,1,0,2,0.047295,0
52,1,1,2,0.046107,0
52,1,2,3,0.063772,0
52,1,3,3,0.064404,0
52,1,4,2,0.045946,0
52,1,5,3,0.070115,0
52,1,6,3,0.079342,1
52,1,7,1,0.030424,2
52,1,8,1,0.030424,2
52,1,9,2,0.044343,0
52,1,10,3,0.064404,0
52,1,11,3,0.063772,0
52,1,12,2,0.046107,0
52,1,13,2,0.047295,0
52,1,14,3,0.070115,0
52,1,15,2,0.045946,0
52,1,16,3,0.079342,1
52,1,17,1,0.030424,2
52,1,18,1,0.030424,2
53,1,0,2,0.047729,0
53,1,1,2,0.04661,0
53,1,2,3,0.065385,0
53,1,3,3,0.065122,0
53,1,4,2,0.046364,0
53,1,5,3,0.070296,0
53,1,6,3,0.079716,1
53,1,7,1,0.030412,2
53,1,8,1,0.030412,2
53,1,9,2,0.04499,2
53,1,10,3,0.065573,0
53,1,11,2,0.047122,0
53,1,12,3,0.072741,0
53,1,13,3,0.072789,0
53,1,14,2,0.047086,0
53,1,15,3,0.065668,0
53,1,16,2,0.044962,2
53,1,17,1,0.028505,5
53,1,18,1,0.028518,5
54,-1,0,1,0.03801,0
54,-1,1,3,0.096473,0
54,-1,2,3,0.091627,0
54,-1,3,2,0.065088,0
54,-1,4,2,0.066682,0
54,-1,5,2,0.066771,0
54,-1,6,2,0.065047,0
54,-1,7,3,0.091863,0
54,-1,8,2,0.064546,0
54,-1,9,2,0.065597,0
54,-1,10,3,0.096615,0
54,-1,11,3,0.108724,1
54,-1,12,1,0.041479,2
54,-1,13,1,0.041479,2
55,1,0,2,0.054302,0
55,1,1,2,0.054262,0
55,1,2,2,0.052699,0
55,1,3,3,0.073322,0
55,1,4,3,0.073412,0
55,1,5,2,0.052662,0
55,1,6,2,0.05027,1
55,1,7,3,0.073066,0
55,1,8,2,0.052114,0
55,1,9,2,0.053327,0
55,1,10,3,0.078601,0
55,1,11,2,0.051804,0
55,1,12,3,0.072811,0
55,1,13,2,0.050284,1
55,1,14,3,0.089056,1
55,1,15,1,0.034003,2
55,1,16,1,0.034003,2
56,1,0,2,0.042999,0
56,1,1,2,0.043863,0
56,1,2,3,0.06498,0
56,1,3,2,0.043863,0
56,1,4,2,0.042999,0
56,1,5,3,0.060803,0
56,1,6,3,0.060458,0
56,1,7,2,0.042763,0
56,1,8,2,0.043713,0
56,1,9,3,0.064557,0
56,1,10,2,0.043358,0
56,1,11,3,0.06287,0
56,1,12,3,0.071709,1
56,1,13,1,0.027403,2
56,1,14,1,0.027403,2
56,1,15,3,0.072658,1
56,1,16,1,0.027662,2
56,1,17,1,0.027662,2
56,1,18,3,0.07281,1
56,1,19,1,0.027734,2
56,1,20,1,0.027734,2
57,1,0,2,0.03413,0
57,1,1,2,0.033799,0
57,1,2,3,0.047111,0
57,1,3,3,0.04595,0
57,1,4,3,0.047701,0
57,1,5,2,0.033971,0
57,1,6,2,0.034174,0
57,1,7,3,0.048177,0
57,1,8,3,0.04649,0
57,1,9,3,0.048338,0
57,1,10,2,0.034811,0
57,1,11,2,0.035305,0
57,1,12,3,0.051671,0
57,1,13,3,0.059293,1
57,1,14,1,0.022895,2
57,1,15,1,0.022895,2
57,1,16,2,0.033344,0
57,1,17,3,0.048915,0
57,1,18,3,0.04824,0
57,1,19,3,0.053145,0
57,1,20,3,0.054967,0
57,1,21,2,0.036627,0
57,1,22,2,0.035422,0
57,1,23,1,0.021571,2
57,1,24,1,0.021058,2
58,1,0,2,0.039822,0
58,1,1,2,0.039653,0
58,1,2,2,0.038192,0
58,1,3,3,0.052209,0
58,1,4,3,0.053725,0
58,1,5,2,0.038642,0
58,1,6,2,0.037518,0
58,1,7,2,0.037197,0
58,1,8,3,0.051854,0
58,1,9,3,0.050378,0
58,1,10,3,0.050582,0
58,1,11,3,0.05056,0
58,1,12,3,0.052098,0
58,1,13,2,0.036034,0
58,1,14,2,0.037762,0
58,1,15,2,0.03856,0
58,1,16,2,0.037865,0
58,1,17,3,0.052415,0
58,1,18,3,0.055133,0
58,1,19,2,0.036422,0
58,1,20,3,0.063934,1
58,1,21,1,0.024723,2
58,1,22,1,0.024723,2
59,1,0,2,0.048571,0
59,1,1,2,0.047358,0
59,1,2,3,0.066683,0
59,1,3,2,0.046708,0
59,1,4,3,0.070566,0
59,1,5,2,0.047422,0
59,1,6,3,0.069205,0
59,1,7,3,0.066001,0
59,1,8,3,0.069584,0
59,1,9,2,0.04818,0
59,1,10,3,0.079069,1
59,1,11,1,0.030334,2
59,1,12,1,0.030334,2
59,1,13,3,0.078858,1
59,1,14,1,0.030276,2
59,1,15,1,0.030276,2
59,1,16,3,0.079603,1
59,1,17,1,0.030487,2
59,1,18,1,0.030487,2
60,1,0,2,0.052996,0
60,1,1,2,0.051559,0
60,1,2,3,0.071575,0
60,1,3,3,0.072106,0
60,1,4,2,0.051499,0
60,1,5,3,0.078298,0
60,1,6,3,0.088876,1
60,1,7,1,0.033958,2
60,1,8,1,0.033958,2
60,1,9,2,0.049825,0
60,1,10,3,0.072609,0
60,1,11,3,0.071733,0
60,1,12,2,0.052101,0
60,1,13,2,0.05385,0
60,1,14,3,0.081022,0
60,1,15,2,0.052293,0
60,1,16,1,0.031742,5
61,-1,0,2,0.086989,0
61,-1,1,2,0.087834,0
61,-1,2,3,0.131121,0
61,-1,3,3,0.130827,0
61,-1,4,2,0.086728,0
61,-1,5,3,0.127415,0
61,-1,6,3,0.14058,1
61,-1,7,1,0.053508,2
61,-1,8,1,0.053508,2
61,-1,9,1,0.050666,2
61,-1,10,1,0.050825,1
62,1,0,2,0.039941,0
62,1,1,2,0.040279,0
62,1,2,3,0.059352,0
62,1,3,2,0.039584,2
62,1,4,3,0.05755,0
62,1,5,2,0.040382,0
62,1,6,2,0.041459,0
62,1,7,3,0.062451,0
62,1,8,1,0.024262,2
62,1,9,2,0.04193,1
62,1,10,2,0.041486,1
62,1,11,2,0.040502,0
62,1,12,3,0.057527,0
62,1,13,2,0.03998,0
62,1,14,2,0.040279,0
62,1,15,3,0.059352,0
62,1,16,2,0.039622,2
62,1,17,3,0.066321,1
62,1,18,1,0.025358,2
62,1,19,1,0.025358,2
62,1,20,3,0.066303,1
62,1,21,1,0.02536,2
62,1,22,1,0.02536,2
63,1,0,2,0.04499,0
63,1,1,2,0.043897,0
63,1,2,3,0.060791,0
63,1,3,3,0.061599,0
63,1,4,2,0.043784,0
63,1,5,3,0.066732,0
63,1,6,3,0.075415,1
63,1,7,1,0.028925,2
63,1,8,1,0.028925,2
63,1,9,3,0.06417,0
63,1,10,1,0.025713,2
63,1,11,3,0.061599,0
63,1,12,3,0.060791,0
63,1,13,2,0.043897,0
63,1,14,2,0.04499,0
63,1,15,3,0.066732,0
63,1,16,2,0.043784,0
63,1,17,3,0.075415,1
63,1,18,1,0.028925,2
63,1,19,1,0.028925,2
64,-1,0,2,0.058185,0
64,-1,1,2,0.058091,0
64,-1,2,2,0.056592,0
64,-1,3,3,0.07928,0
64,-1,4,3,0.079652,0
64,-1,5,2,0.056606,0
64,-1,6,2,0.055661,0
64,-1,7,3,0.083954,0
64,-1,8,2,0.056478,0
64,-1,9,3,0.08254,0
64,-1,10,3,0.093864,1
64,-1,11,1,0.036006,2
64,-1,12,1,0.036006,2
64,-1,13,3,0.094635,1
64,-1,14,1,0.036225,2
64,-1,15,1,0.036225,2
65,-1,0,2,0.058317,0
65,-1,1,2,0.056972,0
65,-1,2,3,0.080395,0
65,-1,3,2,0.056283,0
65,-1,4,3,0.084999,0
65,-1,5,2,0.058311,0
65,-1,6,3,0.095421,1
65,-1,7,1,0.036356,2
65,-1,8,1,0.036356,2
65,-1,9,3,0.080836,0
65,-1,10,2,0.057357,0
65,-1,11,2,0.058839,0
65,-1,12,3,0.088862,0
65,-1,13,2,0.058839,0
65,-1,14,2,0.057357,0
65,-1,15,1,0.0345,1
66,1,0,2,0.045384,0
66,1,1,2,0.045357,0
66,1,2,2,0.043749,0
66,1,3,3,0.059796,0
66,1,4,3,0.059873,0
66,1,5,2,0.043743,0
66,1,6,3,0.059435,0
66,1,7,2,0.043198,0
66,1,8,2,0.044506,0
66,1,9,2,0.043713,0
66,1,10,3,0.06133,0
66,1,11,3,0.058406,0
66,1,12,3,0.059262,0
66,1,13,3,0.064109,0
66,1,14,3,0.066828,0
66,1,15,2,0.043712,0
66,1,16,1,0.026378,2
66,1,17,3,0.074267,1
66,1,18,1,0.028477,2
66,1,19,1,0.028477,2
67,1,0,2,0.039681,0
67,1,1,2,0.039595,0
67,1,2,2,0.038152,0
67,1,3,3,0.05225,0
67,1,4,3,0.053033,0
67,1,5,2,0.038411,0
67,1,6,2,0.036232,0
67,1,7,3,0.051737,0
67,1,8,2,0.036987,0
67,1,9,2,0.037044,0
67,1,10,3,0.052534,0
67,1,11,3,0.055922,0
67,1,12,2,0.038516,0
67,1,13,2,0.037711,0
67,1,14,3,0.052676,0
67,1,15,3,0.050379,0
67,1,16,3,0.050001,0
67,1,17,3,0.051061,0
67,1,18,2,0.036767,0
67,1,19,2,0.037005,0
67,1,20,3,0.064744,1
67,1,21,1,0.024781,2
67,1,22,1,0.024781,2
68,1,0,2,0.047911,0
68,1,1,2,0.046615,0
68,1,2,3,0.064576,0
68,1,3,3,0.063688,0
68,1,4,3,0.068383,0
68,1,5,2,0.047704,0
68,1,6,3,0.078614,1
68,1,7,1,0.03012,2
68,1,8,1,0.03012,2
68,1,9,3,0.063772,0
68,1,10,2,0.046048,0
68,1,11,2,0.04736,0
68,1,12,3,0.069988,0
68,1,13,2,0.046026,0
68,1,14,3,0.064356,0
68,1,15,2,0.044475,0
68,1,16,3,0.079508,1
68,1,17,1,0.030368,2
68,1,18,1,0.030368,2
69,-1,0,2,0.065321,0
69,-1,1,2,0.064397,0
69,-1,2,3,0.091224,0
69,-1,3,3,0.091183,0
69,-1,4,2,0.063797,0
69,-1,5,3,0.09645,0
69,-1,6,3,0.108392,1
69,-1,7,1,0.041487,2
69,-1,8,1,0.041487,2
69,-1,9,3,0.09679,0
69,-1,10,1,0.038152,2
69,-1,11,3,0.098308,0
69,-1,12,1,0.038569,2
69,-1,13,2,0.064444,1
70,1,0,2,0.032939,0
70,1,1,2,0.032939,0
70,1,2,3,0.046444,0
70,1,3,2,0.033352,0
70,1,4,2,0.033784,0
70,1,5,3,0.049159,0
70,1,6,3,0.045165,0
70,1,7,3,0.044313,0
70,1,8,3,0.044313,0
70,1,9,3,0.046444,0
70,1,10,2,0.033352,0
70,1,11,2,0.033784,0
70,1,12,3,0.049159,0
70,1,13,3,0.045165,0
70,1,14,3,0.045834,0
70,1,15,3,0.045834,0
70,1,16,2,0.03355,0
70,1,17,2,0.034836,0
70,1,18,2,0.034836,0
70,1,19,2,0.03355,0
70,1,20,3,0.056762,1
70,1,21,1,0.021931,2
70,1,22,1,0.021931,2
70,1,23,3,0.056762,1
70,1,24,1,0.021931,2
70,1,25,1,0.021931,2
71,1,0,2,0.057337,0
71,1,1,2,0.05723,0
71,1,2,2,0.055326,0
71,1,3,3,0.076231,0
71,1,4,3,0.077106,0
71,1,5,2,0.055575,0
71,1,6,2,0.052951,0
71,1,7,3,0.076594,0
71,1,8,3,0.076046,0
71,1,9,2,0.054774,0
71,1,10,2,0.056321,0
71,1,11,3,0.083169,0
71,1,12,2,0.054732,0
71,1,13,3,0.094468,1
71,1,14,1,0.03607,2
71,1,15,1,0.03607,2
72,-1,0,2,0.058691,0
72,-1,1,2,0.059079,0
72,-1,2,2,0.058124,0
72,-1,3,3,0.083649,0
72,-1,4,3,0.080189,0
72,-1,5,2,0.057075,0
72,-1,6,3,0.08077,0
72,-1,7,2,0.057381,0
72,-1,8,2,0.058962,0
72,-1,9,2,0.059482,0
72,-1,10,3,0.088095,0
72,-1,11,2,0.057286,0
72,-1,12,1,0.034381,1
72,-1,13,3,0.094466,1
72,-1,14,1,0.036185,2
72,-1,15,1,0.036185,2
73,1,0,2,0.03851,0
73,1,1,2,0.03789,0
73,1,2,3,0.05306,0
73,1,3,2,0.037886,0
73,1,4,2,0.038517,0
73,1,5,2,0.037302,0
73,1,6,3,0.05101,0
73,1,7,3,0.050412,0
73,1,8,3,0.050985,0
73,1,9,2,0.037316,0
73,1,10,3,0.050521,0
73,1,11,3,0.050444,0
73,1,12,2,0.035831,0
73,1,13,3,0.05275,0
73,1,14,2,0.03794,0
73,1,15,3,0.057717,0
73,1,16,2,0.039188,0
73,1,17,2,0.038084,0
73,1,18,3,0.052996,0
73,1,19,2,0.03579,0
73,1,20,3,0.065728,1
73,1,21,1,0.025061,2
73,1,22,1,0.025061,2
74,1,0,2,0.050278,0
74,1,1,2,0.051266,0
74,1,2,3,0.07587,0
74,1,3,2,0.051266,0
74,1,4,2,0.050278,0
74,1,5,3,0.071311,0
74,1,6,3,0.071311,0
74,1,7,2,0.050278,0
74,1,8,2,0.051266,0
74,1,9,3,0.07587,0
74,1,10,2,0.051266,0
74,1,11,2,0.050278,0
74,1,12,3,0.085003,1
74,1,13,1,0.032365,2
74,1,14,1,0.032365,2
74,1,15,3,0.085003,1
74,1,16,1,0.032365,2
74,1,17,1,0.032365,2
75,-1,0,2,0.097309,0
75,-1,1,2,0.097685,0
75,-1,2,2,0.097048,0
75,-1,3,3,0.143347,0
75,-1,4,3,0.140256,0
75,-1,5,2,0.096179,0
75,-1,6,3,0.154907,1
75,-1,7,1,0.058849,2
75,-1,8,1,0.058849,2
75,-1,9,1,0.055573,5
76,-1,0,2,0.059204,0
76,-1,1,2,0.059595,0
76,-1,2,2,0.059203,0
76,-1,3,3,0.086123,0
76,-1,4,3,0.081065,0
76,-1,5,2,0.057425,0
76,-1,6,3,0.08047,0
76,-1,7,2,0.056959,0
76,-1,8,2,0.058391,0
76,-1,9,2,0.058245,0
76,-1,10,3,0.085148,0
76,-1,11,2,0.056253,0
76,-1,12,3,0.09525,1
76,-1,13,1,0.036424,2
76,-1,14,1,0.036424,2
76,-1,15,1,0.033822,1
77,-1,0,1,0.03382,0
77,-1,1,3,0.086167,0
77,-1,2,2,0.059193,0
77,-1,3,2,0.059629,0
77,-1,4,2,0.059196,0
77,-1,5,2,0.057453,0
77,-1,6,3,0.081113,0
77,-1,7,3,0.080506,0
77,-1,8,2,0.056768,0
77,-1,9,2,0.057673,0
77,-1,10,3,0.085573,0
77,-1,11,2,0.057673,0
77,-1,12,2,0.056768,0
77,-1,13,3,0.095514,1
77,-1,14,1,0.036477,2
77,-1,15,1,0.036477,2
78,1,0,2,0.054302,0
78,1,1,2,0.054262,0
78,1,2,2,0.052699,0
78,1,3,3,0.073322,0
78,1,4,3,0.073412,0
78,1,5,2,0.052662,0
78,1,6,2,0.05027,2
78,1,7,3,0.073066,0
78,1,8,2,0.052114,0
78,1,9,2,0.053327,0
78,1,10,3,0.078601,0
78,1,11,2,0.051804,0
78,1,12,3,0.072811,0
78,1,13,2,0.050284,2
78,1,14,3,0.089056,1
78,1,15,1,0.034003,2
78,1,16,1,0.034003,2
79,1,0,2,0.046767,0
79,1,1,2,0.046065,0
79,1,2,3,0.064441,0
79,1,3,2,0.04605,0
79,1,4,2,0.046772,0
79,1,5,2,0.045451,0
79,1,6,3,0.062403,0
79,1,7,3,0.06155,0
79,1,8,3,0.062424,0
79,1,9,2,0.045503,0
79,1,10,3,0.062898,0
79,1,11,3,0.062572,0
79,1,12,3,0.068022,0
79,1,13,2,0.047282,0
79,1,14,2,0.047575,0
79,1,15,2,0.04585,0
79,1,16,3,0.078155,1
79,1,17,1,0.03011,2
79,1,18,1,0.03011,2
80,1,0,2,0.079791,0
80,1,1,2,0.07926,0
80,1,2,3,0.115655,0
80,1,3,2,0.078118,0
80,1,4,3,0.115655,0
80,1,5,2,0.07926,0
80,1,6,3,0.128432,1
80,1,7,1,0.048849,2
80,1,8,1,0.048849,2
80,1,9,3,0.128432,1
80,1,10,1,0.048849,2
80,1,11,1,0.048849,2
81,1,0,2,0.036253,0
81,1,1,2,0.036246,0
81,1,2,2,0.034913,0
81,1,3,3,0.047714,0
81,1,4,3,0.047779,0
81,1,5,2,0.034929,0
81,1,6,3,0.04723,0
81,1,7,2,0.034408,0
81,1,8,2,0.03512,0
81,1,9,3,0.051609,0
81,1,10,3,0.048288,0
81,1,11,3,0.046498,0
81,1,12,3,0.047007,0
81,1,13,3,0.050814,0
81,1,14,3,0.051861,0
81,1,15,2,0.034454,0
81,1,16,3,0.059647,1
81,1,17,1,0.022894,2
81,1,18,1,0.022894,2
81,1,19,3,0.058926,1
81,1,20,1,0.022746,2
81,1,21,1,0.022746,2
81,1,22,3,0.059255,1
81,1,23,1,0.022885,2
81,1,24,1,0.022885,2
82,1,0,2,0.05723,0
82,1,1,2,0.057337,0
82,1,2,2,0.055575,0
82,1,3,3,0.077106,0
82,1,4,2,0.052951,1
82,1,5,3,0.076594,0
82,1,6,2,0.054732,0
82,1,7,3,0.083169,0
82,1,8,2,0.056321,0
82,1,9,2,0.054774,0
82,1,10,3,0.076046,0
82,1,11,3,0.076231,0
82,1,12,2,0.055326,0
82,1,13,3,0.094468,1
82,1,14,1,0.03607,2
82,1,15,1,0.03607,2
83,-1,0,1,0.0546,0
83,-1,1,2,0.096471,0
83,-1,2,3,0.128299,0
83,-1,3,2,0.086793,0
83,-1,4,2,0.086423,0
83,-1,5,3,0.126978,0
83,-1,6,2,0.086423,0
83,-1,7,2,0.086793,0
83,-1,8,3,0.140339,1
83,-1,9,1,0.053441,2
83,-1,10,1,0.053441,2
84,1,0,2,0.039586,0
84,1,1,2,0.039557,0
84,1,2,2,0.038066,0
84,1,3,3,0.052102,0
84,1,4,3,0.05275,0
84,1,5,2,0.038329,0
84,1,6,2,0.035845,0
84,1,7,3,0.050567,0
84,1,8,3,0.052096,0
84,1,9,2,0.038025,0
84,1,10,2,0.039588,0
84,1,11,2,0.03958,0
84,1,12,2,0.038401,0
84,1,13,3,0.052837,0
84,1,14,2,0.036151,0
84,1,15,3,0.051425,0
84,1,16,3,0.049918,0
84,1,17,3,0.050891,0
84,1,18,2,0.036412,0
84,1,19,3,0.054787,0
84,1,20,3,0.063751,1
84,1,21,1,0.024668,2
84,1,22,1,0.024668,2
85,1,0,2,0.039872,0
85,1,1,2,0.039918,0
85,1,2,2,0.03859,0
85,1,3,3,0.053489,0
85,1,4,2,0.036079,0
85,1,5,3,0.05104,0
85,1,6,3,0.051137,0
85,1,7,2,0.03739,0
85,1,8,2,0.038444,0
85,1,9,2,0.037794,0
85,1,10,3,0.052649,0
85,1,11,3,0.050614,0
85,1,12,3,0.051592,0
85,1,13,2,0.035821,0
85,1,14,3,0.051548,0
85,1,15,2,0.03634,0
85,1,16,3,0.05347,0
85,1,17,2,0.03867,0
85,1,18,3,0.055138,0
85,1,19,2,0.03701,0
85,1,20,3,0.06395,1
85,1,21,1,0.024722,2
85,1,22,1,0.024722,2
86,1,0,2,0.057241,0
86,1,1,2,0.057323,0
86,1,2,2,0.055582,0
86,1,3,3,0.077117,0
86,1,4,3,0.07624,0
86,1,5,2,0.055286,0
86,1,6,3,0.075808,0
86,1,7,2,0.0545,0
86,1,8,3,0.083074,0
86,1,9,2,0.056425,0
86,1,10,2,0.055031,0
86,1,11,3,0.076862,0
86,1,12,2,0.052959,2
86,1,13,3,0.09445,1
86,1,14,1,0.03605,2
86,1,15,1,0.03605,2
87,-1,0,1,0.048939,0
87,-1,1,3,0.128405,0
87,-1,2,1,0.048939,2
87,-1,3,3,0.115992,0
87,-1,4,2,0.078863,0
87,-1,5,2,0.078863,0
87,-1,6,3,0.115992,0
87,-1,7,2,0.078863,0
87,-1,8,2,0.078863,0
87,-1,9,3,0.128405,1
87,-1,10,1,0.048939,2
87,-1,11,1,0.048939,2
88,-1,0,1,0.041051,0
88,-1,1,3,0.104101,1
88,-1,2,3,0.097926,0
88,-1,3,3,0.098326,0
88,-1,4,2,0.069725,0
88,-1,5,2,0.071184,0
88,-1,6,2,0.070823,0
88,-1,7,3,0.102127,0
88,-1,8,3,0.116078,1
88,-1,9,1,0.044364,2
88,-1,10,1,0.044364,2
88,-1,11,2,0.069401,0
88,-1,12,2,0.070531,1
89,1,0,2,0.039426,0
89,1,1,2,0.039379,0
89,1,2,2,0.037983,0
89,1,3,3,0.051803,0
89,1,4,3,0.051935,0
89,1,5,2,0.037954,0
89,1,6,3,0.051326,0
89,1,7,2,0.037446,0
89,1,8,2,0.038479,0
89,1,9,2,0.037812,0
89,1,10,3,0.052614,0
89,1,11,3,0.050227,0
89,1,12,3,0.050073,0
89,1,13,3,0.051204,0
89,1,14,3,0.0554,0
89,1,15,2,0.038317,0
89,1,16,2,0.037628,0
89,1,17,3,0.052629,0
89,1,18,2,0.037225,0
89,1,19,2,0.037296,0
89,1,20,3,0.064437,1
89,1,21,1,0.024703,2
89,1,22,1,0.024703,2
90,1,0,2,0.03405,0
90,1,1,2,0.033841,0
90,1,2,3,0.047013,0
90,1,3,3,0.048158,0
90,1,4,3,0.048964,0
90,1,5,2,0.033393,0
90,1,6,3,0.047633,0
90,1,7,3,0.046028,0
90,1,8,3,0.046355,0
90,1,9,3,0.048472,0
90,1,10,2,0.034694,0
90,1,11,2,0.035438,0
90,1,12,3,0.051447,0
90,1,13,3,0.048341,0
90,1,14,2,0.034085,0
90,1,15,2,0.034044,0
90,1,16,3,0.059568,1
90,1,17,1,0.022797,2
90,1,18,1,0.022797,2
90,1,19,3,0.053422,0
90,1,20,3,0.055033,0
90,1,21,2,0.036529,0
90,1,22,2,0.035173,0
90,1,23,1,0.021583,2
90,1,24,1,0.021143,2
91,1,0,2,0.047127,0
91,1,1,2,0.046098,0
91,1,2,3,0.064326,0
91,1,3,3,0.061744,0
91,1,4,3,0.064326,0
91,1,5,2,0.046098,0
91,1,6,2,0.045329,0
91,1,7,2,0.045335,0
91,1,8,3,0.063922,0
91,1,9,3,0.061711,0
91,1,10,3,0.063922,0
91,1,11,2,0.045605,0
91,1,12,3,0.068879,0
91,1,13,2,0.045605,0
91,1,14,3,0.078912,1
91,1,15,1,0.030198,2
91,1,16,1,0.030198,2
91,1,17,2,0.045335,0
91,1,18,2,0.045329,0
92,1,0,2,0.039427,0
92,1,1,2,0.039397,0
92,1,2,2,0.037993,0
92,1,3,3,0.05186,0
92,1,4,3,0.051943,0
92,1,5,2,0.037968,0
92,1,6,3,0.051326,0
92,1,7,2,0.037443,0
92,1,8,2,0.038472,0
92,1,9,2,0.037805,0
92,1,10,3,0.052581,0
92,1,11,3,0.050211,0
92,1,12,3,0.050036,0
92,1,13,3,0.051316,0
92,1,14,2,0.03723,0
92,1,15,2,0.038254,0
92,1,16,3,0.055767,0
92,1,17,3,0.052416,0
92,1,18,2,0.037134,0
92,1,19,2,0.037261,0
92,1,20,3,0.064645,1
92,1,21,1,0.024758,2
92,1,22,1,0.024758,2
93,1,0,2,0.04706,0
93,1,1,2,0.046153,0
93,1,2,3,0.064267,0
93,1,3,2,0.045442,0
93,1,4,2,0.045381,0
93,1,5,3,0.064337,0
93,1,6,2,0.046073,0
93,1,7,2,0.047092,0
93,1,8,2,0.045994,0
93,1,9,3,0.06409,0
93,1,10,3,0.061707,0
93,1,11,3,0.061846,0
93,1,12,3,0.064129,0
93,1,13,2,0.046121,0
93,1,14,2,0.045191,0
93,1,15,3,0.067227,0
93,1,16,3,0.078009,1
93,1,17,1,0.02994,2
93,1,18,1,0.02994,2
94,1,0,2,0.048491,0
94,1,1,2,0.047453,0
94,1,2,3,0.066556,0
94,1,3,2,0.046655,0
94,1,4,3,0.069987,0
94,1,5,3,0.07003,0
94,1,6,2,0.046463,0
94,1,7,3,0.066323,0
94,1,8,3,0.069516,0
94,1,9,2,0.048304,0
94,1,10,3,0.079271,1
94,1,11,1,0.030292,2
94,1,12,1,0.030292,2
94,1,13,3,0.07937,1
94,1,14,1,0.030391,2
94,1,15,1,0.030391,2
94,1,16,3,0.079464,1
94,1,17,1,0.030376,2
94,1,18,1,0.030376,2
95,1,0,2,0.034387,0
95,1,1,2,0.034295,0
95,1,2,3,0.048453,0
95,1,3,3,0.051412,0
95,1,4,2,0.035237,0
95,1,5,3,0.051408,0
95,1,6,3,0.048433,0
95,1,7,3,0.046621,0
95,1,8,3,0.046748,0
95,1,9,3,0.048656,0
95,1,10,2,0.034842,0
95,1,11,2,0.035462,0
95,1,12,3,0.051612,0
95,1,13,3,0.048456,0
95,1,14,2,0.034307,0
95,1,15,2,0.034263,0
95,1,16,3,0.059546,1
95,1,17,1,0.022833,2
95,1,18,1,0.022833,2
95,1,19,3,0.059503,1
95,1,20,1,0.022796,2
95,1,21,1,0.022796,2
95,1,22,3,0.059507,1
95,1,23,1,0.022796,2
95,1,24,1,0.022796,2
96,1,0,1,0.032702,0
96,1,1,2,0.057322,2
96,1,2,3,0.074839,0
96,1,3,2,0.050275,0
96,1,4,2,0.048843,0
96,1,5,3,0.067464,0
96,1,6,3,0.068151,0
96,1,7,2,0.048841,0
96,1,8,2,0.046934,0
96,1,9,3,0.067941,0
96,1,10,3,0.067473,0
96,1,11,2,0.048615,0
96,1,12,2,0.05005,0
96,1,13,3,0.073847,0
96,1,14,2,0.048625,0
96,1,15,3,0.084,1
96,1,16,1,0.032039,2
96,1,17,1,0.032039,2
97,-1,0,2,0.071393,0
97,-1,1,2,0.069834,0
97,-1,2,3,0.098904,0
97,-1,3,2,0.070029,0
97,-1,4,2,0.071846,1
97,-1,5,2,0.071718,0
97,-1,6,2,0.069907,0
97,-1,7,3,0.098192,0
97,-1,8,3,0.102444,0
97,-1,9,2,0.070833,0
97,-1,10,3,0.116006,1
97,-1,11,1,0.044447,2
97,-1,12,1,0.044447,2
98,1,0,2,0.060003,0
98,1,1,2,0.058981,0
98,1,2,3,0.082685,0
98,1,3,2,0.058974,0
98,1,4,2,0.059947,0
98,1,5,2,0.058724,0
98,1,6,3,0.081788,0
98,1,7,3,0.079918,0
98,1,8,3,0.082034,0
98,1,9,2,0.058775,0
98,1,10,2,0.057503,0
98,1,11,3,0.085718,0
98,1,12,3,0.098838,1
98,1,13,1,0.038056,2
98,1,14,1,0.038056,2
99,-1,0,2,0.05899,0
99,-1,1,2,0.057418,0
99,-1,2,3,0.080833,0
99,-1,3,2,0.05732,0
99,-1,4,3,0.088139,0
99,-1,5,2,0.059488,0
99,-1,6,1,0.034383,1
99,-1,7,3,0.080465,0
99,-1,8,2,0.056918,0
99,-1,9,2,0.058384,0
99,-1,10,2,0.058237,0
99,-1,11,3,0.085117,0
99,-1,12,2,0.056222,0
99,-1,13,3,0.095276,1
99,-1,14,1,0.036404,2
99,-1,15,1,0.036404,2
100,1,0,2,0.038472,0
100,1,1,2,0.037805,0
100,1,2,3,0.052581,0
100,1,3,2,0.037261,0
100,1,4,2,0.037134,0
100,1,5,3,0.052416,0
100,1,6,3,0.055767,0
100,1,7,2,0.038254,0
100,1,8,2,0.03723,0
100,1,9,3,0.051316,0
100,1,10,3,0.050036,0
100,1,11,3,0.050211,0
100,1,12,3,0.051326,0
100,1,13,2,0.037443,0
100,1,14,3,0.051943,0
100,1,15,3,0.05186,0
100,1,16,2,0.037993,0
100,1,17,2,0.039397,0
100,1,18,2,0.039427,0
100,1,19,2,0.037968,0
100,1,20,3,0.064645,1
100,1,21,1,0.024758,2
100,1,22,1,0.024758,2
101,1,0,2,0.033616,0
101,1,1,3,0.050974,0
101,1,2,2,0.034347,0
101,1,3,3,0.049633,0
101,1,4,3,0.04634,0
101,1,5,3,0.047066,0
101,1,6,3,0.049267,0
101,1,7,1,0.0197,2
101,1,8,3,0.047066,0
101,1,9,3,0.04634,0
101,1,10,3,0.049633,0
101,1,11,2,0.034347,0
101,1,12,3,0.050974,0
101,1,13,2,0.033616,0
101,1,14,3,0.05803,1
101,1,15,1,0.022163,2
101,1,16,1,0.022163,2
101,1,17,3,0.05727,1
101,1,18,1,0.021958,2
101,1,19,1,0.021958,2
101,1,20,3,0.05727,1
101,1,21,1,0.021958,2
101,1,22,1,0.021958,2
101,1,23,3,0.05803,1
101,1,24,1,0.022163,2
101,1,25,1,0.022163,2
102,1,0,2,0.047127,0
102,1,1,2,0.046098,0
102,1,2,3,0.064326,0
102,1,3,2,0.045329,0
102,1,4,2,0.045335,0
102,1,5,3,0.063922,0
102,1,6,2,0.045605,0
102,1,7,3,0.068879,0
102,1,8,2,0.045605,0
102,1,9,3,0.063922,0
102,1,10,3,0.061711,0
102,1,11,3,0.061744,0
102,1,12,3,0.064326,0
102,1,13,2,0.046098,0
102,1,14,2,0.045329,0
102,1,15,2,0.045335,0
102,1,16,3,0.078912,1
102,1,17,1,0.030198,2
102,1,18,1,0.030198,2
103,1,0,2,0.038479,0
103,1,1,2,0.037812,0
103,1,2,3,0.052614,0
103,1,3,2,0.037296,0
103,1,4,2,0.037225,0
103,1,5,3,0.052629,0
103,1,6,2,0.037628,0
103,1,7,2,0.038317,0
103,1,8,3,0.0554,0
103,1,9,3,0.051204,0
103,1,10,3,0.050073,0
103,1,11,3,0.050227,0
103,1,12,3,0.051326,0
103,1,13,2,0.037446,0
103,1,14,3,0.051935,0
103,1,15,3,0.051803,0
103,1,16,2,0.037983,0
103,1,17,2,0.039379,0
103,1,18,2,0.039426,0
103,1,19,2,0.037954,0
103,1,20,3,0.064437,1
103,1,21,1,0.024703,2
103,1,22,1,0.024703,2
104,1,0,2,0.054173,0
104,1,1,2,0.05271,0
104,1,2,3,0.073436,0
104,1,3,2,0.051261,0
104,1,4,3,0.076102,0
104,1,5,3,0.073291,0
104,1,6,2,0.052549,0
104,1,7,2,0.05418,0
104,1,8,2,0.05402,0
104,1,9,2,0.052313,1
104,1,10,3,0.072244,0
104,1,11,3,0.072408,0
104,1,12,2,0.052286,1
104,1,13,2,0.054121,0
104,1,14,3,0.087668,1
104,1,15,1,0.033619,2
104,1,16,1,0.033619,2
105,1,0,2,0.044839,0
105,1,1,2,0.043812,0
105,1,2,3,0.061196,0
105,1,3,2,0.043127,0
105,1,4,2,0.043145,0
105,1,5,3,0.061033,0
105,1,6,2,0.043644,0
105,1,7,2,0.044448,0
105,1,8,3,0.064688,0
105,1,9,3,0.061018,0
105,1,10,3,0.058747,0
105,1,11,3,0.058776,0
105,1,12,3,0.061295,0
105,1,13,2,0.04384,0
105,1,14,2,0.043332,0
105,1,15,3,0.065328,0
105,1,16,1,0.026,2
105,1,17,3,0.074613,1
105,1,18,1,0.028559,2
105,1,19,1,0.028559,2
106,1,0,2,0.036232,0
106,1,1,2,0.036241,0
106,1,2,2,0.034914,0
106,1,3,3,0.047709,0
106,1,4,3,0.047696,0
106,1,5,2,0.034927,0
106,1,6,3,0.047197,0
106,1,7,2,0.034056,0
106,1,8,3,0.052143,0
106,1,9,2,0.034377,0
106,1,10,3,0.048292,0
106,1,11,3,0.046358,0
106,1,12,3,0.047145,0
106,1,13,2,0.034028,0
106,1,14,3,0.051879,0
106,1,15,3,0.051155,0
106,1,16,3,0.059155,1
106,1,17,1,0.022807,2
106,1,18,1,0.022807,2
106,1,19,3,0.059546,1
106,1,20,1,0.022914,2
106,1,21,1,0.022914,2
106,1,22,3,0.059565,1
106,1,23,1,0.022971,2
106,1,24,1,0.022971,2
107,1,0,2,0.047763,0
107,1,1,2,0.047754,0
107,1,2,2,0.046049,0
107,1,3,3,0.062972,0
107,1,4,3,0.062999,0
107,1,5,2,0.046047,0
107,1,6,3,0.062505,0
107,1,7,2,0.045409,0
107,1,8,2,0.04676,0
107,1,9,2,0.045846,0
107,1,10,3,0.064131,0
107,1,11,3,0.061358,0
107,1,12,3,0.062443,0
107,1,13,2,0.04524,0
107,1,14,2,0.04645,0
107,1,15,3,0.067834,0
107,1,16,3,0.078385,1
107,1,17,1,0.030028,2
107,1,18,1,0.030028,2
108,1,0,2,0.030277,0
108,1,1,2,0.030277,0
108,1,2,3,0.042571,0
108,1,3,2,0.030287,0
108,1,4,2,0.030387,0
108,1,5,3,0.042688,0
108,1,6,3,0.04584,0
108,1,7,2,0.031201,0
108,1,8,2,0.030463,0
108,1,9,3,0.041589,0
108,1,10,3,0.040736,0
108,1,11,3,0.040373,0
108,1,12,3,0.040373,0
108,1,13,3,0.042571,0
108,1,14,2,0.030287,0
108,1,15,2,0.030387,0
108,1,16,3,0.042688,0
108,1,17,3,0.040736,0
108,1,18,3,0.041589,0
108,1,19,2,0.030463,0
108,1,20,2,0.031201,0
108,1,21,3,0.04584,0
108,1,22,3,0.052795,1
108,1,23,1,0.020397,2
108,1,24,1,0.020397,2
108,1,25,3,0.052795,1
108,1,26,1,0.020397,2
108,1,27,1,0.020397,2
109,-1,0,2,0.038877,0
109,-1,1,2,0.038476,0
109,-1,2,3,0.05516,0
109,-1,3,3,0.052457,0
109,-1,4,3,0.05516,0
109,-1,5,2,0.038476,0
109,-1,6,3,0.062805,1
109,-1,7,1,0.024003,2
109,-1,8,1,0.024003,2
109,-1,9,3,0.052565,0
109,-1,10,2,0.037317,0
109,-1,11,2,0.03817,0
109,-1,12,3,0.056442,0
109,-1,13,2,0.037872,0
109,-1,14,3,0.0549,0
109,-1,15,3,0.062656,1
109,-1,16,1,0.023963,2
109,-1,17,1,0.023963,2
109,-1,18,3,0.06353,1
109,-1,19,1,0.024198,2
109,-1,20,1,0.024198,2
109,-1,21,3,0.062805,1
109,-1,22,1,0.024003,2
109,-1,23,1,0.024003,2
110,-1,0,2,0.086793,0
110,-1,1,2,0.086423,0
110,-1,2,3,0.126978,0
110,-1,3,2,0.086423,0
110,-1,4,2,0.086793,0
110,-1,5,3,0.128299,0
110,-1,6,2,0.096471,0
110,-1,7,1,0.0546,2
110,-1,8,3,0.140339,1
110,-1,9,1,0.053441,2
110,-1,10,1,0.053441,2
111,1,0,2,0.059992,0
111,1,1,2,0.058945,0
111,1,2,3,0.082535,0
111,1,3,2,0.058718,0
111,1,4,2,0.059424,0
111,1,5,3,0.086657,0
111,1,6,3,0.081629,0
111,1,7,3,0.079869,0
111,1,8,3,0.082142,0
111,1,9,2,0.058817,0
111,1,10,2,0.05781,0
111,1,11,2,0.057726,0
111,1,12,3,0.099337,1
111,1,13,1,0.0382,2
111,1,14,1,0.0382,2
112,-1,0,2,0.073012,0
112,-1,1,2,0.073389,0
112,-1,2,3,0.10904,0
112,-1,3,3,0.10646,0
112,-1,4,2,0.071985,0
112,-1,5,3,0.10662,0
112,-1,6,3,0.118477,1
112,-1,7,1,0.04507,2
112,-1,8,1,0.04507,2
112,-1,9,3,0.11839,1
112,-1,10,1,0.045045,2
112,-1,11,1,0.045045,2
112,-1,12,1,0.042396,1
113,-1,0,2,0.059196,0
113,-1,1,2,0.059629,0
113,-1,2,2,0.059193,0
113,-1,3,3,0.086167,0
113,-1,4,3,0.081113,0
113,-1,5,2,0.057453,0
113,-1,6,3,0.080506,0
113,-1,7,2,0.056768,0
113,-1,8,2,0.057673,0
113,-1,9,3,0.085573,0
113,-1,10,2,0.057673,0
113,-1,11,2,0.056768,0
113,-1,12,3,0.095514,1
113,-1,13,1,0.036477,2
113,-1,14,1,0.036477,2
113,-1,15,1,0.03382,1
114,1,0,2,0.076177,0
114,1,1,2,0.075065,0
114,1,2,3,0.106301,0
114,1,3,3,0.106161,0
114,1,4,2,0.074362,0
114,1,5,3,0.112449,0
114,1,6,3,0.126446,1
114,1,7,1,0.048386,2
114,1,8,1,0.048386,2
114,1,9,2,0.074959,0
114,1,10,2,0.076256,0
114,1,11,2,0.075053,0
115,-1,0,2,0.096019,0
115,-1,1,2,0.096834,0
115,-1,2,3,0.145091,0
115,-1,3,2,0.096834,0
115,-1,4,2,0.096019,0
115,-1,5,3,0.140404,0
115,-1,6,3,0.154988,1
115,-1,7,1,0.058872,2
115,-1,8,1,0.058872,2
115,-1,9,1,0.056068,3
116,1,0,2,0.044296,0
116,1,1,2,0.043229,0
116,1,2,3,0.06069,0
116,1,3,2,0.042711,0
116,1,4,3,0.064617,0
116,1,5,2,0.04434,0
116,1,6,3,0.072606,1
116,1,7,1,0.027684,2
116,1,8,1,0.027684,2
116,1,9,3,0.060436,0
116,1,10,2,0.04276,0
116,1,11,2,0.043692,0
116,1,12,3,0.064584,0
116,1,13,2,0.043335,0
116,1,14,3,0.062877,0
116,1,15,3,0.071674,1
116,1,16,1,0.027412,2
116,1,17,1,0.027412,2
116,1,18,3,0.072611,1
116,1,19,1,0.027676,2
116,1,20,1,0.027676,2
117,1,0,2,0.037005,0
117,1,1,2,0.036767,0
117,1,2,3,0.051061,0
117,1,3,3,0.05225,0
117,1,4,3,0.053033,0
117,1,5,2,0.036232,0
117,1,6,3,0.051737,0
117,1,7,3,0.050001,0
117,1,8,3,0.050379,0
117,1,9,3,0.052676,0
117,1,10,2,0.037711,0
117,1,11,2,0.038516,0
117,1,12,3,0.055922,0
117,1,13,3,0.052534,0
117,1,14,2,0.037044,0
117,1,15,2,0.036987,0
117,1,16,3,0.064744,1
117,1,17,1,0.024781,2
117,1,18,1,0.024781,2
117,1,19,2,0.038411,0
117,1,20,2,0.039681,0
117,1,21,2,0.039595,0
117,1,22,2,0.038152,0
118,-1,0,2,0.044629,0
118,-1,1,2,0.044874,0
118,-1,2,2,0.044226,0
118,-1,3,3,0.063454,0
118,-1,4,3,0.06061,0
118,-1,5,2,0.043271,0
118,-1,6,3,0.060374,0
118,-1,7,2,0.042738,0
118,-1,8,2,0.043693,0
118,-1,9,3,0.064546,0
118,-1,10,2,0.043341,0
118,-1,11,3,0.062842,0
118,-1,12,3,0.071686,1
118,-1,13,1,0.0274,2
118,-1,14,1,0.0274,2
118,-1,15,3,0.072646,1
118,-1,16,1,0.027661,2
118,-1,17,1,0.027661,2
118,-1,18,3,0.071947,1
118,-1,19,1,0.027501,2
118,-1,20,1,0.027501,2
119,-1,0,1,0.041089,0
119,-1,1,3,0.104328,1
119,-1,2,3,0.098301,0
119,-1,3,2,0.06936,0
119,-1,4,2,0.070355,0
119,-1,5,3,0.103853,0
119,-1,6,2,0.068681,0
119,-1,7,3,0.09811,0
119,-1,8,2,0.069287,0
119,-1,9,2,0.070554,1
119,-1,10,3,0.11673,1
119,-1,11,1,0.044676,2
119,-1,12,1,0.044676,2
120,1,0,2,0.036256,0
120,1,1,2,0.036216,0
120,1,2,2,0.034923,0
120,1,3,3,0.047659,0
120,1,4,3,0.047747,0
120,1,5,2,0.034895,0
120,1,6,3,0.047117,0
120,1,7,2,0.034174,0
120,1,8,3,0.051973,0
120,1,9,2,0.034536,0
120,1,10,3,0.048385,0
120,1,11,3,0.046453,0
120,1,12,3,0.047042,0
120,1,13,3,0.050745,0
120,1,14,3,0.051888,0
120,1,15,2,0.034464,0
120,1,16,3,0.059694,1
120,1,17,1,0.02288,2
120,1,18,1,0.02288,2
120,1,19,3,0.059062,1
120,1,20,1,0.022697,2
120,1,21,1,0.022697,2
120,1,22,3,0.059866,1
120,1,23,1,0.022875,2
120,1,24,1,0.022875,2
121,1,0,2,0.043753,0
121,1,1,2,0.04361,0
121,1,2,2,0.042113,0
121,1,3,3,0.057898,0
121,1,4,3,0.059176,0
121,1,5,2,0.042477,0
121,1,6,2,0.041233,0
121,1,7,2,0.04086,0
121,1,8,3,0.056974,0
121,1,9,3,0.057012,0
121,1,10,2,0.040539,0
121,1,11,3,0.061149,0
121,1,12,3,0.058771,0
121,1,13,3,0.057906,0
121,1,14,2,0.042009,0
121,1,15,2,0.043619,0
121,1,16,2,0.043626,0
121,1,17,2,0.042423,0
121,1,18,3,0.070489,1
121,1,19,1,0.027181,2
121,1,20,1,0.027181,2
122,-1,0,1,0.031795,0
122,-1,1,3,0.081198,0
122,-1,2,2,0.055642,0
122,-1,3,2,0.056187,0
122,-1,4,2,0.055645,0
122,-1,5,2,0.054139,0
122,-1,6,3,0.076227,0
122,-1,7,3,0.075869,0
122,-1,8,2,0.053337,0
122,-1,9,2,0.05435,0
122,-1,10,3,0.080379,0
122,-1,11,3,0.081471,0
122,-1,12,2,0.053321,0
122,-1,13,1,0.031865,0
122,-1,14,3,0.090011,1
122,-1,15,1,0.034282,2
122,-1,16,1,0.034282,2
123,-1,0,2,0.087852,0
123,-1,1,2,0.087082,0
123,-1,2,3,0.127177,0
123,-1,3,3,0.129861,0
123,-1,4,2,0.087637,0
123,-1,5,3,0.131578,0
123,-1,6,1,0.05088,3
123,-1,7,1,0.050393,3
123,-1,8,3,0.140644,1
123,-1,9,1,0.053448,2
123,-1,10,1,0.053448,2
124,1,0,2,0.047127,0
124,1,1,2,0.046098,0
124,1,2,3,0.064326,0
124,1,3,2,0.045329,0
124,1,4,2,0.045335,0
124,1,5,3,0.063922,0
124,1,6,2,0.045605,0
124,1,7,3,0.068879,0
124,1,8,2,0.045605,0
124,1,9,3,0.063922,0
124,1,10,3,0.061711,0
124,1,11,3,0.061744,0
124,1,12,3,0.064326,0
124,1,13,2,0.046098,0
124,1,14,2,0.045329,0
124,1,15,2,0.045335,0
124,1,16,3,0.078912,1
124,1,17,1,0.030198,2
124,1,18,1,0.030198,2
125,1,0,2,0.045733,0
125,1,1,2,0.044556,0
125,1,2,3,0.06195,0
125,1,3,3,0.06177,0
125,1,4,3,0.065502,0
125,1,5,2,0.045563,0
125,1,6,3,0.074961,1
125,1,7,1,0.028703,2
125,1,8,1,0.028703,2
125,1,9,2,0.042488,1
125,1,10,3,0.061957,0
125,1,11,2,0.044233,0
125,1,12,2,0.045288,0
125,1,13,3,0.066771,0
125,1,14,2,0.043987,0
125,1,15,3,0.061759,0
125,1,16,2,0.042618,1
125,1,17,3,0.075659,1
125,1,18,1,0.0289,2
125,1,19,1,0.0289,2
126,1,0,2,0.044407,0
126,1,1,2,0.043169,0
126,1,2,3,0.060897,0
126,1,3,2,0.042646,0
126,1,4,3,0.06479,0
126,1,5,2,0.044255,0
126,1,6,3,0.072455,1
126,1,7,1,0.027743,2
126,1,8,1,0.027743,2
126,1,9,3,0.060521,0
126,1,10,2,0.042831,0
126,1,11,2,0.04349,0
126,1,12,3,0.064224,0
126,1,13,3,0.063728,0
126,1,14,2,0.042391,0
126,1,15,3,0.072057,1
126,1,16,1,0.02756,2
126,1,17,1,0.02756,2
126,1,18,3,0.072242,1
126,1,19,1,0.027645,2
126,1,20,1,0.027645,2
127,1,0,2,0.059907,0
127,1,1,2,0.058792,0
127,1,2,3,0.082147,0
127,1,3,3,0.079866,0
127,1,4,3,0.082027,0
127,1,5,2,0.058556,0
127,1,6,2,0.059398,0
127,1,7,3,0.086816,0
127,1,8,3,0.082096,0
127,1,9,2,0.058796,0
127,1,10,3,0.099411,1
127,1,11,1,0.038226,2
127,1,12,1,0.038226,2
127,1,13,2,0.057859,0
127,1,14,2,0.057876,0
128,-1,0,2,0.067314,0
128,-1,1,2,0.067287,0
128,-1,2,3,0.098982,0
128,-1,3,3,0.09788,0
128,-1,4,2,0.06645,0
128,-1,5,3,0.098546,0
128,-1,6,3,0.109782,1
128,-1,7,1,0.041778,2
128,-1,8,1,0.041778,2
128,-1,9,3,0.109416,1
128,-1,10,1,0.041675,2
128,-1,11,1,0.041675,2
128,-1,12,2,0.074866,1
128,-1,13,1,0.042572,1
129,-1,0,1,0.054372,0
129,-1,1,2,0.095937,2
129,-1,2,3,0.127089,0
129,-1,3,2,0.087103,0
129,-1,4,2,0.087956,0
129,-1,5,2,0.087948,0
129,-1,6,2,0.086713,0
129,-1,7,3,0.126269,0
129,-1,8,3,0.139954,1
129,-1,9,1,0.05333,2
129,-1,10,1,0.05333,2
130,-1,0,2,0.050743,0
130,-1,1,2,0.050451,0
130,-1,2,2,0.049307,0
130,-1,3,3,0.070612,0
130,-1,4,2,0.049307,0
130,-1,5,2,0.050451,0
130,-1,6,2,0.048823,0
130,-1,7,2,0.049332,0
130,-1,8,3,0.072826,0
130,-1,9,1,0.028561,2
130,-1,10,3,0.069842,0
130,-1,11,2,0.048451,0
130,-1,12,2,0.049096,0
130,-1,13,3,0.072351,0
130,-1,14,2,0.049096,0
130,-1,15,2,0.048451,0
130,-1,16,3,0.080841,1
130,-1,17,1,0.03073,2
130,-1,18,1,0.03073,2
131,-1,0,2,0.087956,0
131,-1,1,2,0.087948,0
131,-1,2,2,0.086713,0
131,-1,3,3,0.126269,0
131,-1,4,3,0.127089,0
131,-1,5,2,0.087103,0
131,-1,6,2,0.095937,0
131,-1,7,1,0.054372,2
131,-1,8,3,0.139954,1
131,-1,9,1,0.05333,2
131,-1,10,1,0.05333,2
132,-1,0,2,0.042611,0
132,-1,1,3,0.059468,0
132,-1,2,3,0.059374,0
132,-1,3,2,0.042663,0
132,-1,4,3,0.065816,0
132,-1,5,3,0.065889,0
132,-1,6,1,0.025789,5
132,-1,7,1,0.025813,5
132,-1,8,2,0.040786,2
132,-1,9,3,0.05914,0
132,-1,10,3,0.05929,0
132,-1,11,2,0.042292,0
132,-1,12,3,0.065045,0
132,-1,13,3,0.063883,0
132,-1,14,3,0.063436,0
132,-1,15,1,0.025075,5
132,-1,16,3,0.072244,1
132,-1,17,1,0.027564,2
132,-1,18,1,0.027564,2
132,-1,19,1,0.025529,5
132,-1,20,2,0.040727,2
133,1,0,2,0.039037,0
133,1,1,2,0.039037,0
133,1,2,3,0.055208,0
133,1,3,2,0.039274,0
133,1,4,3,0.059609,0
133,1,5,2,0.039274,0
133,1,6,3,0.055208,0
133,1,7,3,0.053123,0
133,1,8,3,0.053123,0
133,1,9,3,0.055208,0
133,1,10,2,0.039274,0
133,1,11,3,0.059609,0
133,1,12,2,0.039274,0
133,1,13,3,0.055208,0
133,1,14,2,0.039037,0
133,1,15,2,0.039037,0
133,1,16,3,0.067939,1
133,1,17,1,0.026146,2
133,1,18,1,0.026146,2
133,1,19,3,0.067939,1
133,1,20,1,0.026146,2
133,1,21,1,0.026146,2
134,-1,0,2,0.086989,0
134,-1,1,2,0.087834,0
134,-1,2,3,0.131121,0
134,-1,3,3,0.130827,0
134,-1,4,2,0.086728,0
134,-1,5,3,0.127415,0
134,-1,6,3,0.14058,1
134,-1,7,1,0.053508,2
134,-1,8,1,0.053508,2
134,-1,9,1,0.050666,5
134,-1,10,1,0.050825,3
135,1,0,2,0.04471,0
135,1,1,2,0.043871,0
135,1,2,3,0.061046,0
135,1,3,2,0.043117,0
135,1,4,2,0.043037,0
135,1,5,3,0.06076,0
135,1,6,3,0.064853,0
135,1,7,2,0.044546,0
135,1,8,3,0.066096,0
135,1,9,3,0.061228,0
135,1,10,3,0.058701,0
135,1,11,3,0.058806,0
135,1,12,3,0.061068,0
135,1,13,2,0.043886,0
135,1,14,2,0.04321,0
135,1,15,2,0.043167,0
135,1,16,1,0.026218,2
135,1,17,3,0.074359,1
135,1,18,1,0.02866,2
135,1,19,1,0.02866,2
136,1,0,2,0.041199,0
136,1,1,2,0.041221,0
136,1,2,2,0.039703,0
136,1,3,3,0.054297,0
136,1,4,3,0.054307,0
136,1,5,2,0.039745,0
136,1,6,3,0.053908,0
136,1,7,2,0.039145,0
136,1,8,2,0.040339,0
136,1,9,2,0.039493,0
136,1,10,3,0.055196,0
136,1,11,3,0.052835,0
136,1,12,3,0.053663,0
136,1,13,2,0.038725,0
136,1,14,3,0.059,0
136,1,15,3,0.058148,0
136,1,16,3,0.067536,1
136,1,17,1,0.025848,2
136,1,18,1,0.025848,2
136,1,19,3,0.067842,1
136,1,20,1,0.026001,2
136,1,21,1,0.026001,2
137,-1,0,1,0.041476,0
137,-1,1,3,0.105683,1
137,-1,2,2,0.069253,1
137,-1,3,3,0.097932,0
137,-1,4,2,0.068737,0
137,-1,5,3,0.103649,0
137,-1,6,2,0.070421,0
137,-1,7,2,0.06922,0
137,-1,8,3,0.098238,0
137,-1,9,2,0.069279,0
137,-1,10,3,0.116915,1
137,-1,11,1,0.044599,2
137,-1,12,1,0.044599,2
138,-1,0,2,0.088141,0
138,-1,1,2,0.087965,0
138,-1,2,3,0.129855,0
138,-1,3,3,0.127243,0
138,-1,4,2,0.086807,0
138,-1,5,3,0.131278,0
138,-1,6,1,0.050794,5
138,-1,7,3,0.140487,1
138,-1,8,1,0.053481,2
138,-1,9,1,0.053481,2
138,-1,10,1,0.050467,1
139,1,0,2,0.057837,0
139,1,1,2,0.056511,0
139,1,2,3,0.079848,0
139,1,3,2,0.056511,0
139,1,4,2,0.057837,0
139,1,5,2,0.057356,0
139,1,6,3,0.082831,0
139,1,7,3,0.078833,0
139,1,8,3,0.082831,0
139,1,9,2,0.057356,0
139,1,10,3,0.094025,1
139,1,11,1,0.03605,2
139,1,12,1,0.03605,2
139,1,13,3,0.094025,1
139,1,14,1,0.03605,2
139,1,15,1,0.03605,2
140,-1,0,2,0.088215,0
140,-1,1,2,0.087117,0
140,-1,2,3,0.127294,0
140,-1,3,3,0.12954,0
140,-1,4,3,0.131051,0
140,-1,5,2,0.088183,0
140,-1,6,1,0.05073,5
140,-1,7,1,0.050378,5
140,-1,8,3,0.140514,1
140,-1,9,1,0.053489,2
140,-1,10,1,0.053489,2
141,-1,0,2,0.04407,0
141,-1,1,3,0.06687,0
141,-1,2,3,0.06819,0
141,-1,3,2,0.044348,0
141,-1,4,3,0.062157,0
141,-1,5,3,0.061899,0
141,-1,6,2,0.042754,2
141,-1,7,3,0.062299,0
141,-1,8,2,0.044775,0
141,-1,9,3,0.069097,0
141,-1,10,3,0.069164,0
141,-1,11,2,0.044731,0
141,-1,12,3,0.062402,0
141,-1,13,2,0.042728,2
141,-1,14,1,0.027077,5
141,-1,15,1,0.027097,5
141,-1,16,1,0.026774,5
141,-1,17,3,0.075749,1
141,-1,18,1,0.028909,2
141,-1,19,1,0.028909,2
142,-1,0,1,0.05162,0
142,-1,1,2,0.09214,0
142,-1,2,2,0.083961,2
142,-1,3,3,0.114288,0
142,-1,4,2,0.078858,0
142,-1,5,2,0.080132,0
142,-1,6,2,0.080088,0
142,-1,7,2,0.079087,0
142,-1,8,3,0.114599,0
142,-1,9,3,0.127856,1
142,-1,10,1,0.048686,2
142,-1,11,1,0.048686,2
143,-1,0,2,0.088141,0
143,-1,1,2,0.087965,0
143,-1,2,3,0.129855,0
143,-1,3,3,0.127243,0
143,-1,4,2,0.086807,0
143,-1,5,3,0.131278,0
143,-1,6,1,0.050794,5
143,-1,7,3,0.140487,1
143,-1,8,1,0.053481,2
143,-1,9,1,0.053481,2
143,-1,10,1,0.050467,5
144,1,0,2,0.058985,0
144,1,1,2,0.057438,0
144,1,2,3,0.080886,0
144,1,3,2,0.057341,0
144,1,4,3,0.088123,0
144,1,5,2,0.059514,0
144,1,6,1,0.034396,1
144,1,7,3,0.0805,0
144,1,8,2,0.05673,0
144,1,9,2,0.057666,0
144,1,10,3,0.085572,0
144,1,11,2,0.057666,0
144,1,12,2,0.05673,0
144,1,13,3,0.095479,1
144,1,14,1,0.036488,2
144,1,15,1,0.036488,2
145,1,0,2,0.057299,0
145,1,1,2,0.058934,0
145,1,2,3,0.088742,0
145,1,3,2,0.058934,0
145,1,4,2,0.057299,0
145,1,5,3,0.080971,0
145,1,6,3,0.080446,0
145,1,7,2,0.056745,0
145,1,8,2,0.057661,0
145,1,9,3,0.085558,0
145,1,10,2,0.057661,0
145,1,11,2,0.056745,0
145,1,12,3,0.095509,1
145,1,13,1,0.036474,2
145,1,14,1,0.036474,2
145,1,15,1,0.03455,1
146,-1,0,1,0.041476,0
146,-1,1,3,0.105683,0
146,-1,2,2,0.069253,1
146,-1,3,3,0.097932,0
146,-1,4,2,0.068737,0
146,-1,5,3,0.103649,0
146,-1,6,2,0.070421,0
146,-1,7,2,0.06922,0
146,-1,8,3,0.098238,0
146,-1,9,2,0.069279,1
146,-1,10,3,0.116915,1
146,-1,11,1,0.044599,2
146,-1,12,1,0.044599,2
147,1,0,2,0.059992,0
147,1,1,2,0.058945,0
147,1,2,3,0.082535,0
147,1,3,2,0.058718,0
147,1,4,2,0.059424,0
147,1,5,3,0.086657,0
147,1,6,3,0.081629,0
147,1,7,3,0.079869,0
147,1,8,3,0.082142,0
147,1,9,2,0.058817,0
147,1,10,2,0.05781,0
147,1,11,2,0.057726,0
147,1,12,3,0.099337,1
147,1,13,1,0.0382,2
147,1,14,1,0.0382,2
148,1,0,2,0.045291,0
148,1,1,2,0.044243,0
148,1,2,3,0.061934,0
148,1,3,3,0.061775,0
148,1,4,2,0.043979,0
148,1,5,3,0.066757,0
148,1,6,3,0.075693,1
148,1,7,1,0.028888,2
148,1,8,1,0.028888,2
148,1,9,2,0.042552,1
148,1,10,3,0.061934,0
148,1,11,2,0.044243,0
148,1,12,2,0.045291,0
148,1,13,3,0.066757,0
148,1,14,2,0.043979,0
148,1,15,3,0.061775,0
148,1,16,2,0.042552,1
148,1,17,3,0.075693,1
148,1,18,1,0.028888,2
148,1,19,1,0.028888,2
149,-1,0,1,0.045685,0
149,-1,1,3,0.117068,0
149,-1,2,2,0.078997,1
149,-1,3,2,0.078447,0
149,-1,4,3,0.114076,0
149,-1,5,3,0.113678,1
149,-1,6,2,0.083717,0
149,-1,7,2,0.091995,0
149,-1,8,1,0.051545,2
149,-1,9,3,0.127607,1
149,-1,10,1,0.048592,2
149,-1,11,1,0.048592,2
150,1,0,2,0.077168,0
150,1,1,2,0.075402,0
150,1,2,3,0.106483,0
150,1,3,2,0.07504,0
150,1,4,2,0.076217,1
150,1,5,2,0.074896,1
150,1,6,3,0.105781,0
150,1,7,3,0.110703,0
150,1,8,2,0.07658,0
150,1,9,3,0.125504,1
150,1,10,1,0.048114,2
150,1,11,1,0.048114,2
151,1,0,2,0.041201,0
151,1,1,2,0.041201,0
151,1,2,2,0.039711,0
151,1,3,3,0.054255,0
151,1,4,3,0.054255,0
151,1,5,2,0.039711,0
151,1,6,3,0.0537,0
151,1,7,2,0.038748,0
151,1,8,3,0.05929,0
151,1,9,2,0.039154,0
151,1,10,3,0.055194,0
151,1,11,3,0.052778,0
151,1,12,3,0.0537,0
151,1,13,2,0.038748,0
151,1,14,3,0.05929,0
151,1,15,2,0.039154,0
151,1,16,3,0.067782,1
151,1,17,1,0.026087,2
151,1,18,1,0.026087,2
151,1,19,3,0.067782,1
151,1,20,1,0.026087,2
151,1,21,1,0.026087,2
152,1,0,2,0.059907,0
152,1,1,2,0.058792,0
152,1,2,3,0.082147,0
152,1,3,3,0.079866,0
152,1,4,3,0.082027,0
152,1,5,2,0.058556,0
152,1,6,2,0.059398,0
152,1,7,3,0.086816,0
152,1,8,3,0.082096,0
152,1,9,2,0.058796,0
152,1,10,3,0.099411,1
152,1,11,1,0.038226,2
152,1,12,1,0.038226,2
152,1,13,2,0.057859,0
152,1,14,2,0.057876,0
153,-1,0,2,0.077582,0
153,-1,1,2,0.075542,0
153,-1,2,3,0.106183,0
153,-1,3,3,0.106183,0
153,-1,4,2,0.074024,1
153,-1,5,3,0.111201,0
153,-1,6,2,0.074024,1
153,-1,7,3,0.125723,1
153,-1,8,1,0.048208,2
153,-1,9,1,0.048208,2
153,-1,10,2,0.075542,0
153,-1,11,2,0.077582,0
154,-1,0,1,0.042572,0
154,-1,1,2,0.074866,2
154,-1,2,3,0.098982,0
154,-1,3,2,0.067287,0
154,-1,4,2,0.067314,0
154,-1,5,3,0.098546,0
154,-1,6,2,0.06645,0
154,-1,7,3,0.09788,0
154,-1,8,3,0.109416,1
154,-1,9,1,0.041675,2
154,-1,10,1,0.041675,2
154,-1,11,3,0.109782,1
154,-1,12,1,0.041778,2
154,-1,13,1,0.041778,2
155,-1,0,2,0.076177,0
155,-1,1,2,0.075065,0
155,-1,2,3,0.106301,0
155,-1,3,3,0.106161,0
155,-1,4,2,0.074362,0
155,-1,5,3,0.112449,0
155,-1,6,3,0.126446,1
155,-1,7,1,0.048386,2
155,-1,8,1,0.048386,2
155,-1,9,2,0.074959,1
155,-1,10,2,0.076256,0
155,-1,11,2,0.075053,0
156,1,0,2,0.043154,0
156,1,1,2,0.042994,0
156,1,2,3,0.060778,0
156,1,3,3,0.064578,0
156,1,4,2,0.0444,0
156,1,5,2,0.0436,0
156,1,6,3,0.06106,0
156,1,7,3,0.058604,0
156,1,8,3,0.058879,0
156,1,9,3,0.061121,0
156,1,10,2,0.043977,0
156,1,11,2,0.044943,0
156,1,12,3,0.066391,0
156,1,13,3,0.061284,0
156,1,14,2,0.04325,0
156,1,15,2,0.043118,0
156,1,16,1,0.026282,2
156,1,17,3,0.074468,1
156,1,18,1,0.028559,2
156,1,19,1,0.028559,2
157,1,0,1,0.029754,0
157,1,1,3,0.07878,0
157,1,2,1,0.029754,2
157,1,3,2,0.048237,1
157,1,4,3,0.065397,0
157,1,5,2,0.044461,0
157,1,6,2,0.043559,0
157,1,7,3,0.060337,0
157,1,8,3,0.060894,0
157,1,9,2,0.043213,0
157,1,10,2,0.042036,0
157,1,11,3,0.061041,0
157,1,12,3,0.060528,0
157,1,13,2,0.043714,0
157,1,14,2,0.044961,0
157,1,15,3,0.066481,0
157,1,16,2,0.043665,0
157,1,17,3,0.075473,1
157,1,18,1,0.028857,2
157,1,19,1,0.028857,2
158,1,0,2,0.043093,0
158,1,1,2,0.043201,0
158,1,2,3,0.061145,0
158,1,3,2,0.043984,0
158,1,4,2,0.044944,0
158,1,5,3,0.066383,0
158,1,6,3,0.061261,0
158,1,7,3,0.058879,0
158,1,8,3,0.058604,0
158,1,9,3,0.061048,0
158,1,10,2,0.043597,0
158,1,11,2,0.0444,0
158,1,12,3,0.064581,0
158,1,13,3,0.06079,0
158,1,14,2,0.043019,0
158,1,15,2,0.043204,0
158,1,16,3,0.07447,1
158,1,17,1,0.028559,2
158,1,18,1,0.028559,2
158,1,19,1,0.02628,2
159,-1,0,2,0.066754,0
159,-1,1,3,0.098816,0
159,-1,2,2,0.067544,0
159,-1,3,3,0.101476,0
159,-1,4,3,0.100927,0
159,-1,5,3,0.098685,0
159,-1,6,3,0.109857,1
159,-1,7,1,0.041799,2
159,-1,8,1,0.041799,2
159,-1,9,1,0.03927,1
159,-1,10,1,0.039506,6
159,-1,11,3,0.109927,1
159,-1,12,1,0.04182,2
159,-1,13,1,0.04182,2
160,1,0,2,0.034837,0
160,1,1,2,0.03485,0
160,1,2,2,0.03355,0
160,1,3,3,0.045856,0
160,1,4,3,0.045861,0
160,1,5,2,0.033574,0
160,1,6,3,0.045286,0
160,1,7,2,0.032999,0
160,1,8,2,0.033725,0
160,1,9,3,0.049494,0
160,1,10,3,0.046225,0
160,1,11,3,0.044285,0
160,1,12,3,0.044295,0
160,1,13,3,0.045162,0
160,1,14,3,0.049156,0
160,1,15,2,0.033781,0
160,1,16,2,0.03334,0
160,1,17,3,0.046427,0
160,1,18,2,0.032894,0
160,1,19,2,0.032878,0
160,1,20,3,0.05676,1
160,1,21,1,0.021931,2
160,1,22,1,0.021931,2
160,1,23,3,0.056937,1
160,1,24,1,0.021984,2
160,1,25,1,0.021984,2
161,1,0,2,0.037365,0
161,1,1,2,0.038078,0
161,1,2,3,0.056067,0
161,1,3,3,0.055739,0
161,1,4,2,0.037014,0
161,1,5,3,0.052846,0
161,1,6,3,0.052846,0
161,1,7,2,0.037365,0
161,1,8,2,0.038078,0
161,1,9,3,0.056067,0
161,1,10,3,0.055739,0
161,1,11,2,0.037014,0
161,1,12,3,0.063102,1
161,1,13,1,0.024082,2
161,1,14,1,0.024082,2
161,1,15,3,0.063379,1
161,1,16,1,0.024121,2
161,1,17,1,0.024121,2
161,1,18,3,0.063102,1
161,1,19,1,0.024082,2
161,1,20,1,0.024082,2
161,1,21,3,0.063379,1
161,1,22,1,0.024121,2
161,1,23,1,0.024121,2
162,1,0,2,0.039037,0
162,1,1,2,0.039037,0
162,1,2,3,0.055208,0
162,1,3,2,0.039274,0
162,1,4,3,0.059609,0
162,1,5,2,0.039274,0
162,1,6,3,0.055208,0
162,1,7,3,0.053123,0
162,1,8,3,0.053123,0
162,1,9,3,0.055208,0
162,1,10,2,0.039274,0
162,1,11,3,0.059609,0
162,1,12,2,0.039274,0
162,1,13,3,0.055208,0
162,1,14,2,0.039037,0
162,1,15,2,0.039037,0
162,1,16,3,0.067939,1
162,1,17,1,0.026146,2
162,1,18,1,0.026146,2
162,1,19,3,0.067939,1
162,1,20,1,0.026146,2
162,1,21,1,0.026146,2
163,1,0,2,0.040682,0
163,1,1,2,0.039793,0
163,1,2,3,0.055508,0
163,1,3,2,0.039101,0
163,1,4,2,0.039077,0
163,1,5,3,0.054994,0
163,1,6,3,0.058609,0
163,1,7,2,0.039948,0
163,1,8,3,0.058609,0
163,1,9,3,0.054994,0
163,1,10,3,0.053163,0
163,1,11,3,0.053259,0
163,1,12,3,0.055508,0
163,1,13,2,0.039793,0
163,1,14,2,0.039101,0
163,1,15,2,0.039077,0
163,1,16,3,0.067446,1
163,1,17,1,0.025974,2
163,1,18,1,0.025974,2
163,1,19,3,0.067446,1
163,1,20,1,0.025974,2
163,1,21,1,0.025974,2
164,1,0,2,0.046767,0
164,1,1,2,0.046054,0
164,1,2,3,0.064419,0
164,1,3,2,0.04606,0
164,1,4,2,0.046743,0
164,1,5,2,0.045477,0
164,1,6,3,0.062331,0
164,1,7,3,0.061538,0
164,1,8,3,0.062415,0
164,1,9,2,0.045464,0
164,1,10,3,0.06267,0
164,1,11,3,0.062672,0
164,1,12,2,0.045292,0
164,1,13,3,0.069684,0
164,1,14,2,0.046947,0
164,1,15,2,0.04569,0
164,1,16,3,0.079036,1
164,1,17,1,0.030371,2
164,1,18,1,0.030371,2
165,1,0,1,0.025689,0
165,1,1,3,0.068079,0
165,1,2,1,0.025689,2
165,1,3,2,0.041248,2
165,1,4,3,0.055107,0
165,1,5,2,0.037883,0
165,1,6,3,0.055798,0
165,1,7,3,0.052498,0
165,1,8,2,0.037307,0
165,1,9,2,0.037369,0
165,1,10,3,0.053037,0
165,1,11,2,0.038031,0
165,1,12,2,0.038891,0
165,1,13,2,0.038021,0
165,1,14,3,0.053026,0
165,1,15,3,0.050855,0
165,1,16,3,0.050672,0
165,1,17,3,0.052202,0
165,1,18,2,0.037239,0
165,1,19,2,0.037308,0
165,1,20,3,0.064493,1
165,1,21,1,0.024779,2
165,1,22,1,0.024779,2
166,1,0,2,0.039093,0
166,1,1,2,0.039034,0
166,1,2,3,0.055165,0
166,1,3,3,0.058635,0
166,1,4,2,0.040344,0
166,1,5,2,0.039588,0
166,1,6,3,0.055365,0
166,1,7,3,0.053164,0
166,1,8,3,0.053164,0
166,1,9,3,0.055365,0
166,1,10,2,0.039588,0
166,1,11,2,0.040344,0
166,1,12,3,0.058635,0
166,1,13,3,0.055165,0
166,1,14,2,0.039034,0
166,1,15,2,0.039093,0
166,1,16,3,0.067743,1
166,1,17,1,0.025934,2
166,1,18,1,0.025934,2
166,1,19,3,0.067743,1
166,1,20,1,0.025934,2
166,1,21,1,0.025934,2
167,-1,0,1,0.0546,0
167,-1,1,2,0.096471,2
167,-1,2,3,0.128299,0
167,-1,3,2,0.086793,0
167,-1,4,2,0.086423,0
167,-1,5,3,0.126978,0
167,-1,6,2,0.086423,0
167,-1,7,2,0.086793,0
167,-1,8,3,0.140339,1
167,-1,9,1,0.053441,2
167,-1,10,1,0.053441,2
168,1,0,2,0.073012,0
168,1,1,2,0.073389,0
168,1,2,3,0.10904,0
168,1,3,3,0.10646,0
168,1,4,2,0.071985,0
168,1,5,3,0.10662,0
168,1,6,3,0.118477,1
168,1,7,1,0.04507,2
168,1,8,1,0.04507,2
168,1,9,3,0.11839,1
168,1,10,1,0.045045,2
168,1,11,1,0.045045,2
168,1,12,1,0.042396,3
169,1,0,2,0.054264,0
169,1,1,2,0.054301,0
169,1,2,2,0.052651,0
169,1,3,3,0.073386,0
169,1,4,3,0.07335,0
169,1,5,2,0.05271,0
169,1,6,2,0.050365,1
169,1,7,3,0.073065,0
169,1,8,2,0.052485,0
169,1,9,2,0.053851,0
169,1,10,2,0.053647,0
169,1,11,3,0.077129,0
169,1,12,3,0.072815,0
169,1,13,2,0.050187,1
169,1,14,3,0.088243,1
169,1,15,1,0.033776,2
169,1,16,1,0.033776,2
170,1,0,2,0.03819,0
170,1,1,2,0.037343,0
170,1,2,3,0.052646,0
170,1,3,3,0.054928,0
170,1,4,2,0.037888,0
170,1,5,3,0.056453,0
170,1,6,3,0.063541,1
170,1,7,1,0.024199,2
170,1,8,1,0.024199,2
170,1,9,3,0.062678,1
170,1,10,1,0.023967,2
170,1,11,1,0.023967,2
170,1,12,3,0.052646,0
170,1,13,2,0.037343,0
170,1,14,2,0.03819,0
170,1,15,3,0.056453,0
170,1,16,2,0.037888,0
170,1,17,3,0.054928,0
170,1,18,3,0.062678,1
170,1,19,1,0.023967,2
170,1,20,1,0.023967,2
170,1,21,3,0.063541,1
170,1,22,1,0.024199,2
170,1,23,1,0.024199,2
171,1,0,2,0.075065,0
171,1,1,2,0.076177,0
171,1,2,3,0.112449,0
171,1,3,2,0.074362,0
171,1,4,3,0.106161,0
171,1,5,2,0.074959,1
171,1,6,2,0.076256,1
171,1,7,2,0.075053,0
171,1,8,3,0.106301,0
171,1,9,3,0.126446,1
171,1,10,1,0.048386,2
171,1,11,1,0.048386,2
172,1,0,2,0.042978,0
172,1,1,2,0.043929,0
172,1,2,3,0.06493,0
172,1,3,2,0.043929,0
172,1,4,2,0.042978,0
172,1,5,3,0.060967,0
172,1,6,3,0.060559,0
172,1,7,2,0.042828,0
172,1,8,2,0.043517,0
172,1,9,3,0.06419,0
172,1,10,3,0.063741,0
172,1,11,2,0.042397,0
172,1,12,3,0.072082,1
172,1,13,1,0.027552,2
172,1,14,1,0.027552,2
172,1,15,3,0.072315,1
172,1,16,1,0.027619,2
172,1,17,1,0.027619,2
172,1,18,3,0.072886,1
172,1,19,1,0.027716,2
172,1,20,1,0.027716,2
173,1,0,2,0.040279,0
173,1,1,2,0.039639,0
173,1,2,3,0.055203,0
173,1,3,3,0.058705,0
173,1,4,2,0.039977,0
173,1,5,2,0.039089,0
173,1,6,3,0.053659,0
173,1,7,3,0.05298,0
173,1,8,3,0.053786,0
173,1,9,2,0.039212,0
173,1,10,3,0.05408,0
173,1,11,3,0.054044,0
173,1,12,2,0.039098,0
173,1,13,3,0.060129,0
173,1,14,2,0.040542,0
173,1,15,2,0.03942,0
173,1,16,3,0.068273,1
173,1,17,1,0.026212,2
173,1,18,1,0.026212,2
173,1,19,3,0.067477,1
173,1,20,1,0.025993,2
173,1,21,1,0.025993,2
174,-1,0,2,0.040685,0
174,-1,1,3,0.056781,0
174,-1,2,3,0.056715,0
174,-1,3,2,0.040733,0
174,-1,4,3,0.062841,0
174,-1,5,3,0.062895,0
174,-1,6,1,0.024622,5
174,-1,7,1,0.02464,5
174,-1,8,2,0.038991,2
174,-1,9,3,0.056624,0
174,-1,10,3,0.056633,0
174,-1,11,3,0.060471,0
174,-1,12,3,0.061198,0
174,-1,13,3,0.06211,0
174,-1,14,3,0.061045,0
174,-1,15,1,0.024073,5
174,-1,16,1,0.024462,5
174,-1,17,3,0.068841,1
174,-1,18,1,0.026377,2
174,-1,19,1,0.026377,2
174,-1,20,1,0.023995,5
174,-1,21,2,0.038892,2
175,1,0,2,0.076177,0
175,1,1,2,0.075065,0
175,1,2,3,0.106301,0
175,1,3,3,0.106161,0
175,1,4,2,0.074362,0
175,1,5,3,0.112449,0
175,1,6,3,0.126446,1
175,1,7,1,0.048386,2
175,1,8,1,0.048386,2
175,1,9,2,0.074959,0
175,1,10,2,0.076256,0
175,1,11,2,0.075053,0
176,1,0,2,0.045737,0
176,1,1,2,0.044565,0
176,1,2,3,0.061976,0
176,1,3,3,0.061749,0
176,1,4,3,0.065493,0
176,1,5,2,0.045563,0
176,1,6,3,0.074958,1
176,1,7,1,0.028702,2
176,1,8,1,0.028702,2
176,1,9,2,0.042422,1
176,1,10,3,0.061749,0
176,1,11,3,0.061976,0
176,1,12,2,0.042687,1
176,1,13,2,0.044565,0
176,1,14,2,0.045737,0
176,1,15,2,0.045563,0
176,1,16,3,0.065493,0
176,1,17,3,0.074958,1
176,1,18,1,0.028702,2
176,1,19,1,0.028702,2
177,1,0,1,0.041462,0
177,1,1,3,0.105652,1
177,1,2,2,0.069128,1
177,1,3,3,0.09777,0
177,1,4,3,0.098239,0
177,1,5,2,0.069323,0
177,1,6,2,0.069684,0
177,1,7,2,0.071155,0
177,1,8,2,0.07079,0
177,1,9,3,0.102055,0
177,1,10,3,0.116038,1
177,1,11,1,0.044352,2
177,1,12,1,0.044352,2
178,-1,0,2,0.041922,0
178,-1,1,2,0.042299,0
178,-1,2,3,0.062633,0
178,-1,3,2,0.042299,0
178,-1,4,2,0.041922,0
178,-1,5,3,0.060173,0
178,-1,6,2,0.041957,0
178,-1,7,2,0.04241,0
178,-1,8,3,0.062894,0
178,-1,9,1,0.024611,2
178,-1,10,3,0.060173,0
178,-1,11,2,0.041907,0
178,-1,12,2,0.042307,0
178,-1,13,3,0.062613,0
178,-1,14,2,0.042307,0
178,-1,15,2,0.041907,0
178,-1,16,3,0.069657,1
178,-1,17,1,0.02659,2
178,-1,18,1,0.02659,2
178,-1,19,3,0.06964,1
178,-1,20,1,0.026596,2
178,-1,21,1,0.026596,2
179,1,0,2,0.030287,0
179,1,1,2,0.03028,0
179,1,2,3,0.042573,0
179,1,3,2,0.030289,0
179,1,4,2,0.030383,0
179,1,5,3,0.042691,0
179,1,6,3,0.04583,0
179,1,7,2,0.031202,0
179,1,8,2,0.030448,0
179,1,9,3,0.041573,0
179,1,10,3,0.040723,0
179,1,11,3,0.040379,0
179,1,12,3,0.040392,0
179,1,13,3,0.042587,0
179,1,14,2,0.030326,0
179,1,15,2,0.030441,0
179,1,16,3,0.04288,0
179,1,17,3,0.040769,0
179,1,18,3,0.041502,0
179,1,19,3,0.045451,0
179,1,20,2,0.031265,0
179,1,21,2,0.030872,0
179,1,22,3,0.052603,1
179,1,23,1,0.020334,2
179,1,24,1,0.020334,2
179,1,25,3,0.052798,1
179,1,26,1,0.020394,2
179,1,27,1,0.020394,2
180,-1,0,2,0.088141,0
180,-1,1,2,0.087965,0
180,-1,2,3,0.129855,0
180,-1,3,3,0.127243,0
180,-1,4,2,0.086807,0
180,-1,5,3,0.131278,0
180,-1,6,1,0.050794,1
180,-1,7,3,0.140487,1
180,-1,8,1,0.053481,2
180,-1,9,1,0.053481,2
180,-1,10,1,0.050467,1
181,-1,0,1,0.038925,0
181,-1,1,3,0.099698,0
181,-1,2,2,0.066528,0
181,-1,3,2,0.065037,0
181,-1,4,3,0.09167,0
181,-1,5,2,0.064898,0
181,-1,6,2,0.0662,0
181,-1,7,2,0.065836,0
181,-1,8,3,0.094976,0
181,-1,9,3,0.091223,0
181,-1,10,2,0.064734,1
181,-1,11,3,0.107824,1
181,-1,12,1,0.041226,2
181,-1,13,1,0.041226,2
182,1,0,2,0.039128,0
182,1,1,2,0.039128,0
182,1,2,3,0.05539,0
182,1,3,2,0.039593,0
182,1,4,2,0.040346,0
182,1,5,3,0.058631,0
182,1,6,3,0.055142,0
182,1,7,3,0.053165,0
182,1,8,3,0.053165,0
182,1,9,3,0.05539,0
182,1,10,2,0.039593,0
182,1,11,2,0.040346,0
182,1,12,3,0.058631,0
182,1,13,3,0.055142,0
182,1,14,2,0.038999,0
182,1,15,2,0.038999,0
182,1,16,3,0.067738,1
182,1,17,1,0.025934,2
182,1,18,1,0.025934,2
182,1,19,3,0.067738,1
182,1,20,1,0.025934,2
182,1,21,1,0.025934,2
183,1,0,2,0.040281,0
183,1,1,2,0.039638,0
183,1,2,3,0.055216,0
183,1,3,3,0.058711,0
183,1,4,2,0.039994,0
183,1,5,2,0.039113,0
183,1,6,3,0.053736,0
183,1,7,3,0.052994,0
183,1,8,3,0.053772,0
183,1,9,2,0.039202,0
183,1,10,3,0.053999,0
183,1,11,3,0.054241,0
183,1,12,2,0.039574,0
183,1,13,2,0.041055,0
183,1,14,2,0.040831,0
183,1,15,3,0.05869,0
183,1,16,3,0.067509,1
183,1,17,1,0.025986,2
183,1,18,1,0.025986,2
183,1,19,3,0.067486,1
183,1,20,1,0.025994,2
183,1,21,1,0.025994,2
184,-1,0,2,0.073757,0
184,-1,1,2,0.072848,0
184,-1,2,3,0.106031,0
184,-1,3,3,0.105851,0
184,-1,4,2,0.072785,0
184,-1,5,3,0.110046,0
184,-1,6,1,0.042757,3
184,-1,7,3,0.118052,1
184,-1,8,1,0.044953,2
184,-1,9,1,0.044953,2
184,-1,10,3,0.117959,1
184,-1,11,1,0.045003,2
184,-1,12,1,0.045003,2
185,-1,0,2,0.076177,0
185,-1,1,2,0.075065,0
185,-1,2,3,0.106301,0
185,-1,3,3,0.106161,0
185,-1,4,2,0.074362,0
185,-1,5,3,0.112449,0
185,-1,6,3,0.126446,1
185,-1,7,1,0.048386,2
185,-1,8,1,0.048386,2
185,-1,9,2,0.074959,0
185,-1,10,2,0.076256,0
185,-1,11,2,0.075053,1
186,1,0,2,0.043336,0
186,1,1,2,0.043367,0
186,1,2,2,0.041815,0
186,1,3,3,0.057468,0
186,1,4,3,0.057455,0
186,1,5,2,0.041874,0
186,1,6,3,0.057511,0
186,1,7,2,0.041831,0
186,1,8,2,0.043367,0
186,1,9,2,0.04332,0
186,1,10,2,0.041846,0
186,1,11,3,0.057348,0
186,1,12,3,0.057196,0
186,1,13,3,0.057176,0
186,1,14,2,0.041538,0
186,1,15,2,0.042597,0
186,1,16,3,0.063204,0
186,1,17,2,0.041157,0
186,1,18,3,0.071591,1
186,1,19,1,0.027502,2
186,1,20,1,0.027502,2
187,-1,0,2,0.057241,0
187,-1,1,2,0.057323,0
187,-1,2,2,0.055582,0
187,-1,3,3,0.077117,0
187,-1,4,2,0.052959,1
187,-1,5,3,0.076862,0
187,-1,6,2,0.055031,0
187,-1,7,2,0.056425,0
187,-1,8,3,0.083074,0
187,-1,9,2,0.0545,0
187,-1,10,3,0.075808,0
187,-1,11,3,0.07624,0
187,-1,12,2,0.055286,0
187,-1,13,3,0.09445,1
187,-1,14,1,0.03605,2
187,-1,15,1,0.03605,2
